109.4	1160.1	-57	925.6
2530.8	-17372.9	137.9	272.2
283.5	446.3	-260.2	-1596.8
-139.2	170	164.7	417.8
357.6	421	-3243	1330.7
20.3	-117.6	1979.3	183.1
1200.3	791.3	721.2	135.9
-12928.2	22.4000000000001	705.7	68.1999999999998
-8.10000000000002	1234.4	-757.3	650.1
1362.2	-2403.3	-34.4	-10.3
-20.7	-62.6	684.2	236.5
177.6	135.8	-36.6	-441.4
-94.5	-74.1	182.7	-10.8999999999999
199	307.5	-807.7	123
195.9	112.9	355.6	249.1
-342.1	19	-59	-58.1
-107.2	75.4	195	53.1
582.9	-2467.4	4.19999999999999	-88.7
157.5	-240.7	-39.3	-769.7
143.1	396.2	348	452.8
-290.1	921.5	-6277	-1114.2
-87.9	116.2	233.4	407.6
783.9	388.3	-329.4	642
-961.5	-244.2	956.7	356.7
248	237.3	198.3	138.3
-202.3	-607.6	-40.2	-102.3
251.1	5	53.6	186.8
3063.4	-3506.2	-5.30000000000001	-6547.4
472.4	116.2	120	91.6
-3052.2	-139.9	546.6	636.7
463.5	1131.3	215	50.8
283.5	-2482.9	181.7	-40.7
79.3000000000001	-37.9000000000001	-58	860.1
-298	949	79.3	-5830.1
134.9	18.9	1693.5	358.3
-194.3	165.4	-2046.2	107.8
-217.1	560.3	597.5	119.7
9251.1	-34549.7	689.7	-6.09999999999991
716.6	1013.1	4146.1	6859.6
387.9	-32.5999999999999	-191	-960.7
113.9	-132.4	319.6	-13.9000000000001
-114.2	801.9	-2376	173.4
37.3	87.3	-79.1	94.1999999999999
317.9	200.7	307.2	251.9
-4396.9	-74.9000000000001	2060.2	1033.9
196.1	1380.2	874.2	720.5
1015.8	-3227.2	214.5	171.1
7047	-7129.5	451	1084.3
-9616.2	31069.4	-437	-51763.7
1854.5	5366.1	19498.7	-2957.1
138.9	38.2	-754.6	44.7
-2.40000000000001	34.9	-30.3	53.4
94.1	-23.1	-79.6	95.6
-372.5	-13.2	35.4	-10.6
181	248.7	196.4	7.80000000000001
-8.30000000000001	-253.8	1.90000000000001	-23.7
-19.6	138.4	18.7	60.1
364.7	-118.9	20.2	-617.2
-91.4	-66.6	200.5	391.5
-6	120	-304.9	60.6
34.8	-30.1	220.2	-78
574	-7.89999999999998	126.5	318.9
-775.9	72.3000000000001	-38.6999999999999	48
-63.7	446.7	-2330.1	812.9
-74.8	19.3	398.9	-17.2
-753.6	-221.6	153.8	121.6
25.8	605.9	44.6	55.1
116.1	-652.1	70.2	-60.8
208.4	-104.4	15	334
-1111.4	3061.2	-412.9	-11153.3
2728.2	2809.2	3009.1	-200.200000000001
276.9	89.7	-1843.9	185
-414.9	1274.8	758.8	752.9
1380.2	269.5	844.6	-1513.5
-1127.9	-858.8	1223.3	1187.8
138.8	678.5	-81.5	148.8
43.7	-775.3	39	-26.1
39.6	635.2	-1509.6	429.5
238.8	106	78.3000000000001	86.6
-831	82	150.8	13.1
-115.2	510.9	151.3	63.1999999999999
-34.1	-183.2	-342.6	268.4
56.7	95.7	-231.2	-59.1
115.3	72.6	123.5	9.5
608	-139.2	-228.5	277.2
117.8	192	93.4	-125.3
-46.8	177.1	-10.6	88.5
98.7	263.4	227.6	-759.5
118.3	-305.5	294.3	2045.7
-204.3	106.1	-2675.7	740.5
-22.8	22.2	105.8	67.9
194.1	67.1	162.8	-22.2
169.2	310.4	99	62.1
77.1000000000001	-1984.5	233.3	-219.3
-122.4	1306.2	-8.79999999999995	668.6
128.7	287.2	449.3	-1288.1
410.3	162.7	477.1	1616.9
-40.4	152.4	-671.9	168.7
-12.2	88.4	-120.8	336.5
1459.4	-122	998.5	-236
-238.3	728.9	4817.2	3842.3
-73.5	169	33	29.4
201.5	-831	-87.7	-104.8
213.7	307.1	142.7	518.6
-0.799999999999955	-137.1	40	-1232.1
173.3	416.7	409.4	72.7
-82.9	112.2	-628.3	-506
197.5	30.8	-167.2	33.6
-132.6	-86.8000000000001	-648.4	369.6
65.9	-10.9	-223.4	29
357.7	-38.2	259.6	72.2
-689.1	141.9	-53.0999999999999	0.299999999999955
-154.2	224.4	-378.8	472.2
-13.5	-750	-187.3	-50
33.1	3.80000000000001	941.8	224
-167.8	17.1	403.8	37.1999999999999
236.8	-51.9	-376.1	24.3
48.1	-45.5	-28.6	-83.3
68.8	-56.2	140	2.39999999999998
147.9	-66.3	-487.4	132.1
-8.10000000000002	47.5	-187.9	-33.1
177.9	192.4	188.6	18.2
13.3	3684.7	-2204	5610.1
26.3	-182.6	-17.4	-16.4
1181.7	-161.4	-2870.5	104.3
-437.9	236.700000000001	-6009.8	14497.2
-1274	-170.6	823.9	-150.2
656.1	447.8	64.8	343.8
549	-8406.4	647.8	307.3
138.5	189.7	1055	2106.5
-586.2	566.9	10.2	-4111.1
59.8	52.5	1874.8	104.4
824.3	-290.1	-3387.1	199.4
-32.3	20.7	426	257.7
1203	770.9	-26.3999999999996	-1369.2
-5937.7	59	819	293.6
1597.7	2614.7	-2961.3	2474.2
-49.5	-2570.1	247.3	-338.9
35.9	-0.400000000000006	1519.2	1204
-217.5	-38.5999999999999	-0.400000000000006	-1025.5
-80.9	331.4	696.6	-157.6
824.6	433.7	129.4	-305
-626.6	3.30000000000001	77.3	-39
-68.4000000000001	439.1	3.29999999999995	172.7
2171.1	-6918.7	-85.3	169.2
43.1	268.6	2539.2	1762
-1857.2	1424.7	65.8	-9088.1
686.7	1385.2	3170.5	2002
663.1	-397.5	-2475.5	288.6
-82.2999999999997	1575.7	2256.5	1345.1
2913.8	911.3	3406.7	-2698.5
-7455.3	247.5	647.6	436.6
-84.7	2741.1	-1772.1	1263.2
59.5	-1080.8	10.8000000000001	43.9
121	575.9	337	594.4
-662.5	362.5	279.3	-1445.2
115.9	-18.6	665.8	61.5
467.3	-462	-1514.3	380.2
539.1	371.7	555.3	95.5999999999999
6647.9	995.6	-336.6	-676.6
-990.1	193.7	344.2	224
59.2	454.1	-206.8	84.8
169	-564.9	440	187.3
248.7	-863.1	376	263.5
2129.7	-1942.2	-5184.1	1605.8
-18015.4	-793.3	920.2	5702.5
3245.5	1833.1	-12419.5	9959.9
5316.1	-11737.1	1594.9	-228.2
1784.2	6478.8	6609.2	1042.1
-5787.1	3217	-903.9	-8106.6
3375.2	699	600.2	3989.1
49257.9	-33601.3	-61232.3	39127.6
-3851.6	-1137.1	5577.09999999999	4655
6393.4	39381.5	30916.3	-29897
-37488.7	-2803.7	2700.5	8130.7
14397.9	-22916	-48.9	-14.6
117.1	157.6	6293.8	5566.9
-4547.5	5444.2	-50.2	-12185.2
-7.29999999999995	196.2	3551.5	-9.09999999999991
110	-57.9	-277.2	122.6
-136.1	49.9	165.1	94.9
2336.3	1981	3589.1	-3240.6
-7872	-178.2	17.5	130.2
34.2	2244.2	-2224.8	2428.7
2494.3	-4086.6	296.3	-340
-221.7	14.6000000000004	2270.2	1660.3
-1613	3023.7	-486.5	-3895.5
40.5	-0.399999999999991	-100.1	80.3
-19.2	32.6	46.3	-138.2
257.7	135.3	121.9	65.3
-286.5	-136.5	-141.6	-23
-85.7	148.1	264.6	-49.1
189.9	129.9	-658.2	-124.8
33.6	106	77	151.3
209.8	147.5	-22.7	74.6
-6026.1	-261.4	1607.9	1038
-136	2299.6	-305.599999999999	2399.6
58.7	-414.1	-2.39999999999998	60.5
21.7	-171.3	143.4	233.7
76.6	39.4000000000001	9.10000000000002	-952.5
106.6	56.4	-367	-36.7
-96	-458.6	-185.5	197.3
19.8	-6.19999999999999	194.7	219.4
142.4	-43.7	-1.59999999999999	-569.7
-41.5	14.4	248	32.1
92	76.1	-247.2	41.6
73.3	95.2	45.8	122.6
131.7	93.8	75.5	112.1
-143.2	-598.5	49.6999999999999	-71.8
801.9	287.6	179.2	456.5
-317.6	-226.5	-183.5	-1518.9
69.1	-5.89999999999998	301.2	138.5
108.3	-37	-183.9	-88.9
-113.4	1038.9	88	651.3
611.5	188.1	-137.9	157.8
-393.6	18.8	65	72.9
116.4	28.9000000000001	261.3	794.2
12.7	53.2	-15.4	-378.3
506.7	-272.6	264.8	12.9000000000001
-161.2	128.1	-62.5	-87.6
1067.6	729.8	790	279.9
-1112.6	-1710	1949.5	2343
625.2	-1389.8	25.3	-172.3
154.3	59.4	-644.3	139.2
-71	8.40000000000003	154.1	-46.1
319.2	94.7	16.3	196.2
-858.1	-31.8	-114.7	-14.9
891.9	353.2	-168.3	295.1
144.7	-6140	116.8	-59.4
323	416.4	903.8	1846.7
64.2	-36.9	105.6	-803
213.6	-42.7	-978.2	-27.5
-220.2	514.1	1829.1	795.799999999999
119.1	46.1	34.6	50.3
-1424	214.6	156.7	-137.3
-51.6	-75.6	112.8	282.8
-52	223.1	-42.5	-678
-42.8	-19.9	484.9	-25.7
122.2	55.8	-253.6	134.1
-83.3	-260.1	-78	-78.1
19989.5	38346	22820.2	-8787.8
-541.9	-3741.4	32624.2	-25058.4
-163.5	366.5	202.3	220
210.4	-532.9	-71.7	0.800000000000011
-22.9	-79	387.6	221.2
36.1	37.9	8.09999999999999	-352.8
-31.9	57.5	291.9	-71.6
191.5	33	-473.7	101.7
-20.5	2.40000000000003	-247.9	116.3
41150.9	114510.2	172613	-10739.6
-92306.2	-6101.8	32873.3	-36671.5
-92092.3	33338.4	-5496.89999999999	77873.6
110707	-91183.1	-25772.9	-6310.1
41211.6	-141260.1	77800.8	33467.4
-3753.40000000001	134163	-1735.3	-97313.4
-63117.4	29917.5	33109.1	-160123.4
79528.8	-3961.5	-80017.8	131734.7
-4240.6	-51892.8	-133376.6	34337.6
34134.6	102917.4	202218	-6230.3
-85806.3	-5451.8	32750.3	-44535.7
-151094	31907.3	422.599999999999	86712.6
120451.8	-83508.7	-50852	-5484.1
36967.4	-152151	80606.5	32547.4
-2806.3	39182.2	-9376.8	-60544.5
-30.5	5.59999999999999	26971.5	-91.1
441	79.5	-1227.6	348.9
-4.30000000000001	-54.7	-70.7	14.3
69	-191	-28.8	31
-262.2	-130.9	60.4	131.7
110.6	534.3	225.3	150.5
-112.2	-486.7	-134.3	25.3
145.3	36.5	-546	-42.1
-6.39999999999998	-196.4	22.5	129.9
153.9	110.9	-17.3	29
-199.5	-38.1	89.9	-69.4
-13.4	92	18.5	147.3
-390.4	-1335.6	-75.8	-2909.1
-42.7	23.2	1421.8	60.9
357.3	191.8	311.6	192.6
338.1	353.1	-155	147.1
-284.1	7.69999999999999	-29.3	-99.3
4.2	40.6	310.7	379.9
43.4	-390.3	3.9	-830.6
-19.6	-13.2	469.9	133.6
51.7	108.8	-256.6	-89.9
-61.4	353.8	320.2	-616.7
374.8	-117	-449.2	-222.6
-139.7	222.8	-87.5	90.6
667.9	442.9	-492.5	228.8
-25.7	-473.9	-350.1	116.8
307.2	-368.2	192.8	474.5
-192.9	-83.1	118.5	-7.59999999999999
169.5	163.5	-355.9	-62.1
-60.2	-58.4	-40.4	-28.8000000000001
169.7	144.7	-53.2	63.6
-47.7	-27.8	-13.7	1
-14.5	-154.4	-5	-3.2
-100.5	-62.1	45.1	144.2
37.9	-6.80000000000001	137.2	-91.2
33.1	33.8	-118	-27.9
23.5	-138.6	37.9	2.19999999999999
362.9	221	48	296
-190.3	18.7	-27.5	-57.1
53.6	26.1	79.5	-237.2
73.3	113.1	-473.8	-87.9
35.3	61.8	279.9	29.9
-630	-84.1	184.8	2
-65.1	-355.9	46.3	-74.3
-290.1	-294.2	-171.7	-170.9
2108.6	439.8	590.6	822.2
-237.2	-66.9	-70.9	-91.5
91.7	-439.7	220.2	404.5
-112.5	-91.9	16.7	-55.4
184.7	138.6	71.7	32.9
237.8	-241.6	-136.2	-85.9
-35	-29.3	102.9	64.6
58.7	4.59999999999999	-19.8	-83.5
-88.8	-32.2	96.3	-84.2
-173.7	-112.6	-50.9	70
-140.5	-128.2	10.7	-191.8
-7.70000000000002	139.7	70.4	101
-68	14.2	279.7	-54.8
320.9	-78.6	-479.6	75.5
-326.3	-257.6	-285.1	107
96.1	-600.7	-138.6	-180.8
186.700000000004	123359.1	-95.9	-74833.6
36.5999999999999	-565	-10	-57.8
429.8	-229.9	198.2	459.6
532.3	276.2	-2614.3	-133.7
-326.1	9	53.5999999999999	717
107.8	17.9	-2.30000000000001	4.69999999999999
-322.6	-229.1	288.1	75.7
-3917.7	316	77.1	79.5
-197.1	-620.7	-1348.9	-2784.1
69.7	72.3	192.8	655.9
-808.7	1048.3	-89.1	-5207.7
542.8	676.5	30.6	226.8
63.5	-843.1	-220.2	-161
96.9	-44.3	137.7	853.5
-38.7	284.5	-87.4	-589
591.4	99.1	217.4	125.1
329.1	123.1	199.6	38.2
151.9	9.39999999999998	25.3	78.8
-133.6	21.2	102	215.1
679.4	5.70000000000005	-189.4	334.8
-959.6	-92.6	175.1	2.5
118.9	808.3	341.6	67.3000000000001
-1148	-287	-76.4000000000001	-84.3
64.8	-46.5	-12.9	178.8
345.1	152.6	-290.4	-611.3
-19.7	-50.1	456.3	-3
24.2	153.9	-295.6	21
-171.7	52.4	59.6	-153.7
1205.1	177.7	533.2	580.5
174.8	-75.2	4.9	71.3
116.2	358.1	268.1	-0.199999999999932
310.4	196.2	-2378.4	-720.6
-206.2	-28.6	-98.3999999999999	279.1
1249.2	-149.6	-382.2	-70.5999999999999
-6.40000000000009	965.3	-16.9	-129.8
-62.4	-517.2	240.8	-228.7
-24.2	23.9	95.2	376.7
87.2	-50.8	-77.1	-748.6
170.7	6.70000000000005	676.5	230.9
72.6	140.5	-438	-37.4
-367.5	65.5	156.3	241.5
1198.9	318.9	-226.9	61.8
849.8	580.9	320.7	-111.1
-67.8	41	400	-24.8
-336.2	-46.1	109.2	-265.8
95.3	-652.3	-46.5	-17.6
161.8	355.2	419.4	-624.9
-20.1	25.1	-421.4	-91.6
300.1	21.2	52.4	124.9
150.8	537.3	217.3	-1084.5
11.2	28.1	-192.9	43
4.40000000000001	-51.8	132.3	23
251.8	35.9	8.39999999999998	76.6
-145.2	-301.8	-481.7	291.8
43	-23.7	87.5	138.6
-174.3	-353.2	-14.3	229.4
149.6	-72.0000000000001	74.3	-396.4
-101.8	-252.9	301.3	178.6
99.4	-100	-89.7	-82.6
360.6	198.9	-343.7	169.2
-1285.2	239.3	879.4	390.2
-71.5	844.1	595.6	266.9
-375.4	-669.1	-31.5	99.6
177	-67.4	86.5	-447.1
230.2	86.1	94.1	330.3
-110.4	-285.3	-6.09999999999999	29.7
-8.60000000000002	-49.5	-63.9	180.5
162	-50.6	173.1	-133.7
36.3	214.1	-311	-51.3
99.5	-53.6	-103.4	-112.4
-217.8	121.5	79.8	-91.2
185.7	146	130.4	248.7
-0.5	36.6	144	-138.4
286.7	-16.4	-68.1	190.4
-442.5	130	-244.6	65.3
68.9	-109.6	-51.1	133.3
-28.2	167.8	63	28.4
364.9	-506.5	-11.8	101.7
-182.1	-68.8	250	481.6
200.5	46.7	-283.2	109.6
81.1	-254.1	-194.4	11.7
188.8	89.1	90.9	48.1
-169.6	-0.400000000000006	-57.2	-89.6
-91.7	149.4	150.9	89.1
-32.5	-136.1	194.3	163.6
98.3	-32.8	53.2	-279.2
-159.6	-8	241.7	-121.7
4074.2	-150.6	-900.7	704.3
-6.4	-38.2	-24.1	3.8
120.7	122.5	3.80000000000001	45.3
-212.1	-25.5	-561.1	-556.2
-75.5	222.4	137.5	215
79.4	-95.5	-102.5	41.3
-133.1	-188.5	124.1	84.1
61.6	104.6	-32.6	-289.5
-112.8	-66	232.1	-42.6
186.8	106.5	-145.8	86.6
-4.10000000000001	-70.8	-20.2	-71.9
133.3	108.7	29.9	58.5
-129	52.8	93.5	48.1
76	-198.8	-141.6	-16.5
-118.7	-125.9	130.9	166.1
-22	-36	31.3	-33.7
74.8	56.1	-81.6	42.5
-25.7	-43.5	-81.6	-91.4
-64.7	-15	114.6	65.9
-9.20000000000002	-100.7	91.2	-50.8
114.3	180.5	-229.9	0.5
231.9	150.7	-20.3	150.4
-663.6	-2.20000000000002	-5.90000000000001	-96.4
420.4	544.4	36.5999999999999	163.3
-14545.7	-6500.5	904.3	-163.1
307.4	82.8	990.599999999999	6985.1
61.6	270.4	-178.1	-191.5
-54.7	-14.7	82.4	264.7
135.5	-241.6	-46.1	-338.9
250.7	87.1	-14.6	102.2
-214.2	-512.9	-18.3	-278.3
-28.8	-75.3	-59.9	581.5
72.7	-195.1	-149	-366.6
126.2	38.5	-100.4	69.8
-91.4	-90.3	-20.9	-71.1
-33.4	142	17.6	106.7
-374	-527.1	-52.5	-65.1
49.6	-13.7	435.9	726.3
93.7	-150.3	-373.2	-351.2
-98	2.40000000000003	436.7	28.3
-801.9	-713.4	230.3	-30.4000000000001
427.7	1262.9	-33.7	-665.1
-63.9	-159.4	-127	-117.1
-13.6	91	59.5	71.4
-14	-82.4	-21.4	-20.4
-89.2	-13.6	145.4	177.2
94.9	-47	-59.2	-71.7
-105.8	188.1	180.5	-105.2
186.4	55.5	-233.4	-194.5
75.3	24.2	-82.7	71.1
-243.5	-504.9	-163.2	44
33.3	-172.1	83.3	546
313.3	1865	199.7	-891.6
82.1	206.2	-561.2	-155.8
-10	-90.5	-124.9	238.2
833.1	294	-321.4	350.3
-2106.5	-111	171.1	-54.3
-1329.8	3162.2	-73.0999999999999	1243.7
-1749.6	-1515.1	383.4	-1619
218.6	-67	382.2	1468
611.900000000001	-3375	-171	-4508.4
-144	168.5	4123.3	-159.2
1003.3	252.2	-167.8	10.5
-5596	-122.7	74.8	-28.9
-5918.6	7641.3	-6647.3	4086.3
-110.800000000001	-6169.3	2383.1	-1602.8
-4168.3	-301.6	-21.8	-5930.3
-152	-86.2	6175.6	-95.6
-141.9	-151.2	-26.3	-106.2
47.2	-79.7	-115.8	-183.3
-66.2	-78	30.1	141.3
-1543.9	-1232.1	-225.1	-453.3
-271.8	-120.1	-91.5	-90.4
42.2	431.1	112.8	124.1
-31.9	-179.9	-21.5	-69.6
-53.2	2.19999999999999	78.6	294.9
78	147.4	-234.1	-81.2
55.8	30	-7.7	28.2
-128.9	-41.3	-52	-35.3
-44.9	232	111.5	181.1
-57.8	-445.7	-66.3	-139.1
68.9	192.2	-139.6	41.6
-71.7	-45.1	-42	-78.6
-20.8	79.8	153.3	48.5
-15.2	-45.8	-55.4	-38.6
-130.3	-107.9	231.8	-19.5
66.3	133.6	-111.5	-18
-102	-84.3	-114.7	-52
240.9	123	-48.3	179.7
-11.9	219.4	162.7	49.3
161.8	1.19999999999999	-206.1	-146.1
8.10000000000002	35.5	122.9	43.7
34.8	175.1	-101.6	14.4
277.9	143.8	14.1	313.5
-154.8	-67.7	-172.8	-73.9
-15.3	188.8	219	69.3
-34.7	-66.6	-54.6	-81.1
-116	9.30000000000001	28.7	101.9
-29.5	-35.8	98.4	23.8
-140	-27	-42	-53.1
-29.8	122.2	108	388.3
-87.1	-51.6	313.1	-18.3
87.6	153.3	-200.9	-2
-34.5	-50.7	-2.39999999999999	4.30000000000001
-234.2	-35.3	-65.1	-57.5
-24.6	217.1	209.2	107.5
-211.3	-43.2	57.3	242.8
127	50.1	-66.5	-161.4
87.2	240.3	-266.8	21.4
54.9	23.7	0.600000000000001	68.3
-124.1	-35.8	-89.4	-95.4
-147.4	8.09999999999999	152.3	259
-66.9	-150	278.5	-73
81.4	149.6	-212	65.9
-43	-18.8	-41.2	-63.8
-78	159.3	78.7	47.3
320.3	175.9	-102	123
-44.2	-76.3	-100.3	-170.7
529.4	226.6	162	296.7
38.5	98.8	-139.3	43.7
-76.8	-38.2	-28.1	-66.4
-45.7	78.3	127.2	54.5
65.9	-331.6	-81.8	-33.4
-105.9	-54.4	229.8	232.3
93.2	142.9	-179.1	29.9
-41.1	-58.8	-14.7	-147.8
333	135.8	94.8	287.9
-103.3	-30.2	-70.9	-39.6
-16.4	74.6	54.6	58.3
-92.9	-96.1	24.9	34.4
67.5	41.1	-19	-112.9
40.6	147.5	-184.3	36.5
-19.7	-34.8	-102.1	-64.1
-179.1	-59.1	-85.1	-58.8
-40.5	125.8	160	57.9
29.9	-75.6	-26.3	-27.4
-14.7	-113.3	34	-41.5
49.1	108.9	-112.3	85.8
-33.9	-19.4	-219.1	-223.6
252.5	60.2	103.9	139.7
-563.3	-75	-41.6	-99.8
38.6	-133.3	-47	-33.6
-16.3	-112.4	56.8	134.5
179.2	29.4	-53.2	-346.5
-42.4	-67.1	328.7	-123.8
-115	-73.3	-140.2	-47.7
-153.5	-111.1	-54.4	-67.7
-21.3	-102.9	76.3	106.3
263.2	93.9	-378.8	226.6
-52.8	-41.2	-108.5	-53.8000000000001
167.6	77.8	-79.9	187.2
-237.3	-46.8	-8.89999999999998	84.7
-41.8	159.6	297.5	55.9
-11	-6.19999999999999	13.3	16.1
153.4	39.2	-171.6	-52.5
-5.69999999999999	-207.3	27.3	-227.2
107.9	269.8	-257.6	46.2
-28.3	-30.3	-72.1	-67.7
88.2	32.9	2.20000000000002	145.8
-58.2	-12.1	-45	-1.8
-39.7	42.1	112.2	17.6
-39.2	-377	1.59999999999999	-10.7
-108.8	-97	130.2	216.4
148.2	-14.5	-22.1	-150.9
-32.6	-63.4	98.8	-137.2
78.7	165.8	-209.1	-32.1
-15.7	-2.69999999999999	-42.8	-85.1
45.2	55.5	-30.8	225
-273	-354.3	41.8	-62.1
-110.3	143.3	23.4	479.6
47.6	37.2	-126.9	53
-1335.9	135.8	456.4	112.6
73	506.3	771.6	126.8
-2235.6	-1386.7	37.8	168.7
107.3	-28.8000000000001	279.3	268.9
471	-635.4	123.9	-739.2
-61.9	101.1	111.7	140.4
71.6	41.5	-98.3	168.7
-543.8	-15.5	235.7	0.899999999999977
-45.4	242	238.1	217.1
-126.3	-301.9	-24.3	2.19999999999999
424.2	-441.9	42.3	143.5
85.5	-212.7	13.7	-380.1
-68.2	98.4	214.8	-2.10000000000002
430.4	985.4	-1957.1	-643.6
-31.5	-45.7	-35.7	72
1025	835.8	-1083.3	858.5
-278.6	-127	304.6	-126.9
-55.6	186.2	93.4	138.9
-100	-211.5	-15.5	2.7
49.5	-84.1	107.3	116.4
187.5	7.19999999999999	3.4	-284.1
-50.8	23.1	186.1	-121.6
93.5	240.8	-206.4	-63
37.7	-111	-208.1	-11.1
87.3	102.7	-63.5	209.5
-325	0.700000000000003	-22.7	-37.4
-106.8	131.8	250.9	201.9
-20.2	-147.8	-45.8	16
4.60000000000002	-133.8	95.3	71.6
344.8	-209.6	11.1	-392.5
-13.4	17.9	279	-43.5
42	-23.5	-24	-25.8
219.4	77.8	-125.9	243.3
-80.9	-1.7	-8.3	-11
-97.4	-18.2	44.4	46.5
184.9	-32.2	-10	-89.4
-30.2	-208.4	29.8	13.4
19.2	111.2	-85.9	-18.6
-14	-15.8	-12.1	-19.7
101.3	70.6	-94.4	313.1
-165.9	-6.4	-9.60000000000001	-15.2
163	-76.7	-7.9	-231.9
-21.3	-29.6	103.5	32.3
62.6	359	-411.3	-210.2
-11.8	-10.7	12.8	-31.9
93.2	31.6	43.1	238.5
-1192	-61.7	26.4	-40.9
-35.2	12.3	68.7	116
142.1	53.6	-12.2	-175.8
399.2	86.5	-88.6999999999999	462.2
-553.9	17.6	-87.4	-34.3
76.2	330	316.5	84.8
-11.3	-23.5	-0.599999999999994	-10
72	26.6	48.3	194.6
-153.7	-5.7	-49	-26.7
-84.3	-17	177.2	197.1
131.4	-15.5	-5.1	-201.1
60.3	5.40000000000003	-27.9	-97.2
382.8	785.9	252.9	1726
-877.6	-25.5	96.7	-77.1
-164.1	265.2	241.4	237.1
0.400000000000091	-472.6	70.1	21
84.1	-283.4	102	271.1
175.5	32.7	-16.8	-218.7
-19.4	-102.8	72.6	-77.6
38	146.1	-153.5	8.30000000000001
126.6	-158.8	543.6	759.8
-210.7	119.7	1535.3	-47.5999999999999
494.2	112.7	146.6	37.6
-106.5	-374.5	-112.8	167.2
119.9	182.4	89.9	219.7
-30.8	-9.29999999999995	82.3	19.2
129	270	-389.3	-158.2
4.2	-47.1	-8.50000000000001	-34.2
-146.9	13.7	15.9	-94.5
-23.5	-160.3	-33.1	-8.7
-32.2	-2	60.3	101.6
20.2	20.8	4.69999999999999	45.6
-4006.4	56.6	31.4	-110.4
0.300000000000011	886.4	1435.2	-162.1
-31.8	-169.6	-3.5	54.2
-62.2	-11.1	-13	51.7
123.4	-15.9	21.9	-210.6
-25.6	-148.5	110.9	15.3
19.1	-4.2	-2.09999999999999	-39.7
81.4	45.9	-32.7	74.1
-270.6	140.9	71.7	-44.5
-17.6	14.5	129.6	162.6
-106.6	-143.5	-64.9	40.7
6.79999999999995	237.7	60.9	35.2
85.6	6.70000000000005	232.4	-419.8
-20.8	-88.2	152	-68.3
74.7	446.7	-151.3	21.9
20.9	31.2	35.7	188.5
-156	-82.6	108.6	123.9
160.8	31.5	-2.8	-148
22.3	86.7	-73.6	16.6
100.9	53.5	25.9	230.2
-101.4	-55.2	75.9	121.7
328.9	6.69999999999999	18.8	-194.3
61	56.4	33.1	137.9
-180	10.1	-41.4	-29.1
-44.3	119.7	167.6	86.9
169.4	650.4	-393.9	-48.4
12	-57	-37.5	-197.7
17.6	47.1	-17	201.7
-122.6	13.3	-124.9	-16.2
45.9	-77.8	-56	20.8
-111.6	-42.6	16.2	30.4
229.8	18.5	-1.3	-243.4
-35.3	-140.1	153.1	-68.2
6.9	-27.7	11.7	-79.7
-40.7	62.3	166.6	64.5
-5.89999999999999	-91.2	-27.1	5.2
455.8	-120.1	21.8	-276.7
-51.2	-63.4	78.9	-8.59999999999997
104.1	261.7	-239.7	-79.6
11.3	-18.9	-4.2	-100.7
41.2	66.6	-32.6	188.5
-129.2	13.7	-137.1	-64.5
-24.4	29.9	197.9	74
-1.70000000000002	-142.6	-21.2	4.1
-113.2	-37.2	70.3	59.2
183.7	35.9	0.599999999999998	-106.9
-65.7	-92.1	25.5	-49.5
162.5	292.5	-321.7	-28.7
-2.89999999999999	-40.7	-54.7	-144.1
25.6	45.1	35.1	110.6
-33	218.4	269.7	102.8
14.6	-212.2	-98.8	43.3
-133.9	-27.2	91.4	99.4
17.7	-23.7	1.30000000000001	-115.9
51.6	66.2	-9.79999999999998	188.5
-118.8	17.7	-75.9	-46.9
-24	53.7	219.6	61.3
-0.900000000000006	-119.8	-73.2	5.5
130	-40.3	22.3	-150.9
-75.7	-244.6	89.8	2.59999999999999
91.8	51.1	-13.9	119.8
-114.9	-46.8	56.3	27.2
-73	-93.2	24.2	4.79999999999998
106.4	212.2	-167	-13.4
79.9	94.9	0.5	180.7
-32.7	26.4	54	31.6
-0.300000000000011	-145.9	-62.8	-8
159.5	-4.5	-9.8	-83.9
-47.9	-71.1	35.4	-23.7
60.3	117.8	-106	-5.59999999999999
73.9	121.7	-16.6	268.6
-111.9	-7.1	-102.9	-40.5
-13.4	39.3	122.5	49.9
-82.5	-3.59999999999999	51.9	25.6
201.1	-38	-11	-179.4
99.7	177.1	-134.9	-71.3
-7.59999999999999	-33.3	-8.40000000000001	-50.3
-85.5	29.1	67.2	50.4
-78.9	-76	82.9	44.2
9.1	-37.7	6	-29.7
76.8	126.7	-15.3	220.6
-152.3	-10.8	-70.7	-81.9
-25	75.2	338.6	165
-43.7	-123.1	-85.3	-5.5
-70.5	-32.3	84.6	63
276.2	-91.2	-6.2	-212.7
-75.6	-28.4	102.8	-59.2
83.5	186.6	-138.1	-60.2
-3.10000000000001	-57.7	-22.9	-53.8
62.4	109.8	-14.9	186.6
-64.7	3.6	-30.4	-41
-51.3	21.9	87.2	53.9
-14.8	-115.5	-51.3	4.5
-68.2	-25	68.1	64.8
178.4	2.29999999999998	5.6	-143.2
-30.7	-75	89	-32.9
39.7	64	-12.6	206.7
-70.7	-5.4	-48.6	-48.6
-60.5	34.2	118.5	57.4
-2.80000000000001	-285.4	-72.1	-21.4
184.7	-56.7	-15.6	-93.5
-98.6	-141.4	40.2	-10.3
68.1	155	-79.9	-19.3
-13.7	-57.7	-13.8	-130.8
78.2	82	-19.5	154
-11.3	159.5	285.8	155.2
-135.7	-86.9	67	35.3
146.7	-35.5	-46.6	-120.9
-21.3	-33.4	-32.3	-33.8
39.9	79.6	3	108.1
-201.6	36	135.3	61
-275.1	-58.6	147.7	147.2
223.5	-60.5	-78.3	-372.8
161.5	175	-221.7	-66.4
-78.1	-88.9	-89.2	-175.4
40.5	62.1	1.29999999999998	206
-165.5	-55.6	-93.2	-63.8
-14.6	78.8	198.4	92.7
12.6	-118.9	-22.4	-33.3
-37.1	-108.7	41.1	-3.20000000000002
96.8	259.9	-202.4	37.3
-24.5	-39.6	-11	-142.6
136	92.6	-7.30000000000001	252.6
-940.6	-22.8	-48.3	-54.2
-67.5	503.8	974.3	395.2
114.8	-265	-48.7	-18.9
77	190.8	-162.5	-55.6
-29	-28.9	-4.80000000000001	-84.5
114.2	87.1	-53.7	271.1
-113.4	4.8	-124.8	-80.3
-27.8	61.2	179.5	45
162.5	-38.8	-6	-163.3
135.8	405.2	-196.6	-185.8
-3.5	-56	-25.2	-100.7
49.9	47.3	-31.3	199.4
-244.1	3.8	-52.6	-25
16.2	124.8	260.4	81.6
-34.4	-126.5	-32.3	-2.7
-107.8	-13.7	53.8	44.4
314.2	-40.4	1.6	-267.3
-77	-274.3	157	22.4
56.4	232.5	-111	-42.9
83.6	77.6	-18.5	217.6
-85.3	-17.2	-133.7	-71.9
-367.8	-69.2	42.9	51.4
223.1	-98.2	2.2	-169.7
-38.3	-13	93.3	-24.6
34.8	74.9	-117.8	-45.1
-6.3	-16.9	-8.19999999999999	-48.1
72.7	50.1	-52.9	221.9
-135.2	-6.1	-78.9	-16.8
-58.6	71.9	194.9	60.9
-87.2	-178.8	-30.7	-14.4
-90	-60.5	98.3	91
193.2	-45.7	-6.4	-90.6
176.7	282.5	-284.5	-234.7
-20	-66.5	-15.5	-113
81.9	96.4	-56.4	175.1
-63	-12.5	-68.6	-78.5
-11.5	20.9	157.5	65.9
-12	-119	-59.7	-38.7
-90.3	7	76.8	81.2
210	-64.1	-5.3	-158.3
-21.8	-122.6	70.3	24.1
7.3	112.2	954.9	245.2
-9.5	-64.4	-9.6	-10.1
-126.2	-47.4	49.1	33.3
-25.7	-125.6	42.6	32.2
87.9	231.1	-125.5	-76.9
-51.1	-67.2	35.7	-148.7
115.3	72.1	-55.4	204.6
351.6	-114.6	-89.1	-218.9
-66.9	-207.4	122.1	49.2
59.3	234.7	-135.8	-70.1
-0.599999999999998	46	0.299999999999997	-70.2
-16.8	-136.2	65.4	29.4
-116.2	-31.2	192.5	107.3
136	-30.8	6.1	-87.2
118.9	258	-140.4	-67.2
65.8	90.7	-54.2	216.4
-72.5	5.3	-199.8	-55.6
-36.7	35.7	278.7	42.8
-10.5	-97.5	-18.8	7
-122.1	-51.2	74.5	62.9
319.4	-107.6	36.1	-289.1
-1.5	-10.6	-2.09999999999999	-62.2
24.2	40.9	-16.2	139.9
-177.2	-10.7	-111.3	2.10000000000001
-97.8	179.2	206.7	108.2
42.8	-130.9	-53.5	-41.9
-102.3	-43.9	100.1	102.6
204.8	-41.2	-39.4	-116.6
-55.1	-147.3	109.6	-57.1
47.3	214.8	-62.3	5.69999999999999
60.9	61.9	-31.1	213.7
-56.1	-44.2	-150.6	-53.2
-43.6	37.5	117	37
-38.3	-97.5	-34.8	-19.1
-100.4	-45.8	51.4	65.3
92.4	104	-75.5	258.1
-163.2	-15.3	-108.5	-49.7
-98.5	85.8	495.2	131.3
-0.800000000000011	-141.6	-91.7	-22.9
-88.2	-69.8	74.8	112.9
187.7	6	-13.2	-195.7
-83.3	-21.4	140.6	-115.6
45.5	84.4	-86.1	-10.2
-6.39999999999999	-79.1	-95.1	-61.6
94	66.9	4.30000000000001	149.8
-96.7	23.3	-163.9	-116.5
-79.9	69	135.6	54.8
-24.1	-65.7	-76.8	-9.40000000000001
-131.5	-109.8	65.9	50.6
178.8	-24.8	-3.8	-86.7
-95.3	-89	62.9	-108.8
64	145.4	-77.7	-1.29999999999998
-5.4	-67.1	-60.9	-118.4
106.4	77.9	-44.2	145.5
-78.5	-27.5	-107.3	-99.5
-70.2	44.5	181.1	49
-7.69999999999999	-94.9	-60.3	-0.200000000000003
-123.8	-78.6	51.5	50.9
216.9	-41.2	-2.7	-65.8
-62.9	-80.4	32.1	-104.1
59.7	142.2	-111.6	-35.7
1.09999999999999	-62.7	-56.3	-72.3
69.4	62.5	8.80000000000001	231.9
-41.3	-21.3	-88.1	-46.7
-43.3	39.1	119.5	46.4
-41.5	-225.2	-44.5	-20
-57.7	-99.2	77	181.2
91.9	26	-30.1	-67.1
94.9	130.5	-75.2	-8.59999999999999
76.1	95.3	-0.299999999999983	117.2
-41	-90.3	-155.8	-51.3
-64.1	-51	87.4	84.5
165.1	2.69999999999999	-26.6	-152.6
-171.3	-118.7	114.6	-66.4
82	129.4	-135.4	18.7
69.6	133.2	22.7	257.7
-145.1	7.39999999999999	-107.6	-104.3
-55	92.2	209.5	104
-27.5	-78.8	-86.4	-8.2
-94.4	-47.2	80	48.7
137.7	-4.90000000000001	-4.40000000000001	-100.4
-62.4	-103.3	73.1	-33.6
48.3	115.9	-67.7	15.9
-15	-53.6	-11.8	-40.9
96.5	101.6	-18.1	178.2
-143.2	-2.59999999999999	-48.1	-163.6
45.5	114.9	-115.1	-5.90000000000001
1.19999999999999	-110.9	41.8	-137.7
25.3	46.9	-31.4	121.8
-167.8	-27.1	-51.7	-77.3
7.09999999999999	-129.5	-69.5	6.7
-193.3	-8.39999999999999	7.30000000000001	-80.5
-133.2	120.3	204.5	100.3
-55.4	-81.3	43.5	108.2
2480.5	2216.7	-6397.5	4848.7
1.89999999999999	138.3	192.8	101.2
-42.2	-12	133.5	136.3
-105.2	-159.4	11.8	52.3000000000001
105.9	122.2	14.5	84.8
-180.5	123.9	94.7	130
52.2	-277.5	-440.1	-39.4
118.7	21.2	-6.89999999999999	-146.6
-69	-62.7	101.1	-45.8
213.8	196.9	-223.6	37.4
0.900000000000034	-195.3	-26.4	-197.9
-493.5	4.8	-13.7	-59.5
57.8	296.5	142.1	277.4
-59	-41.8	198.6	222.4
223.8	-29	1.8	-226.9
-67	-35.2	127	-81.6
291.1	97.6	-264.4	-37
-17.4	-65.6	94.4	68
319.3	39.1999999999999	-21.2	-500.2
-53.1	-1.89999999999998	252.5	-41.9
199.6	186.6	-243.6	114.6
-2.6	-26.6	-47	-25.4
122.7	182.3	52.8	344.1
-113.8	-25.1	-56.3	-44.6
-17.6	45.7	65	71.1
-29.3	-200.6	-16.5	-6.9
15.4	-68.3	97.7	109.3
189.6	-63.3	-13.6	-220.3
-189.7	19.6	-41.1	-106.2
13.2	96.2	109.1	94.7
-5.30000000000001	-82.3	103.4	82.3
83.4	5.7	2.59999999999999	-86.5
-31.3	-21.3	44.3	-28.9
442.2	383.4	-485.8	-19.6999999999999
-13.4	-85.5	-51.9	-20.4
27	38.9	5.40000000000001	53.3
-167.8	65.4	75.2	71.9
-24.2	-131.1	-250.1	-51.4
-30	-31.2	88	81.8
105.4	-25.3	3.10000000000001	-101.2
-78.4	-26.7	42.9	-27
88.1	141.2	-166.3	-17.4
-6.3	-112.3	19.3	-29.5
64.3	230.2	-75.9	317.7
-180.6	-12.3	-116	-107.1
-3.3	92.2	160	169.7
21.2	-182.9	-20.4	-1.6
-45.5	-12.4	90.3	67.2
206.2	57.1	-3.7	-202.3
91.9	65.6	11.6	132.5
22.5	74.2	131.4	68
3.69999999999999	-128.6	-76.7	11.1
78.4	176.5	-179.1	8.70000000000002
51.9	71.2	-4	212.6
-57.4	-8.2	-33.4	-33.2
-7.39999999999998	-14.8	187.5	493
112.6	22.4	-8.09999999999999	-114.5
-21.2	-94.2	125.9	-126
-11.4	126.2	124.9	96.9
44.7	-282.5	-55.3	-11.2
-116.6	-34	240.2	135.9
113.9	-2.60000000000002	-11.8	-297.9
-28.2	-47.9	226.5	-40.9
94	75.7	-114.8	9.30000000000001
-30.6	-128.4	-11.5	-176.4
101.2	162.5	45.3	151.4
-73.4	7	-377.2	-168.8
-6.80000000000001	-121.2	-66	11.1
-186.2	38.9	35.6	90.9
61	96.1	-133.8	65.1
-17.9	-20.5	-93.6	-83.5
80.4	72.5	48.7	109.8
-160.7	-3.4	-80.8	-58.3
-43.5	-31	9	14.5
-75	-63.4	122.8	-12.1
88.3	191.7	-266.3	-130.4
68.3	28.4	-36.4	103.9
-126.6	10.2	-14.4	-39.6
-7.00000000000003	67.5	105.9	43.3
-70.5	-116.7	-70.5	19.6
141.8	-60.7	58.3	-147.7
-95.5	-94.6999999999999	61	-48.2
179.4	294.5	-296.5	-216.9
30.9	-81.2	-24.4	-24.9
82.9	114.5	-28.1	178.2
100.5	-563.3	-20.5	-15.2
93.5	100.5	-220	0.0999999999999943
-582.6	-687	626.1	1659.7
282	161.8	-33.8	199.2
-95.5	601.6	193.6	633
-75.3	-345.1	-109.9	-197.1
335	-152.7	121.9	242.7
37.2	-29.3	-130.5	-143.2
-359.9	1849.3	40.4	1296.5
1530.7	371.3	-4309.7	-540.2
-337.1	226.3	-3.40000000000009	763.2
1123.7	1022.4	-1168.3	829.9
-87.9	-29.8	374.4	118.1
-113.5	58.1	45.5	48.8
42.7	-64.8	64.5	29.6
177.6	-22.1	-58.9	-193
-57	6.80000000000007	120.7	-127.8
-18.9	-50	-42.2	19
160.4	99.8	-29.6	107
-312.6	10.3	275.1	-324.7
-46.6	206.1	197.5	112.5
-103.7	-233.1	-63.2	0.5
-62.7	55.8	329.3	-36.1
102.5	116.1	-120.7	-75.4
-13.4	-101.8	-55.2	34.7
294.7	181	-189.4	229.9
-225.1	446.9	318.6	523.9
-279.9	-959.1	-28.5	26.5
3123.7	-278.7	444.4	244.7
159.6	-199.9	-124.9	-519.3
-133.6	119.2	300.9	-217.4
68.9	46.2	-76.5	7.8
-351.4	102.3	-793.3	1105.5
7850.8	3726.3	4589	-6165.3
72.8	-24.8	-10.5	-75.9
-56.7	31.3	42.6	-25.7
74.1	77.6	-105.9	-22.4
95.2	128.1	46.7	141.3
-330.9	-52.2	-19.7	-150.8
-181.4	294.4	277.7	366.8
34	-173.5	-126.5	-175.1
-14.2	19.3	107.1	161.2
156.2	-140.9	-3.8	-299.7
107.8	171	-199.4	-39.5
-24.8	-88.2	12.4	-31.5
52.7	66.3	10.7	39.8
41	-290.3	-135.2	9.90000000000001
-29.5	-6.39999999999999	449.5	19.1
143.9	126.9	-370.3	47.2
17.4	211.2	62.2	176.3
-264.6	108.6	44.4	112.1
-71.5	164.8	171.7	78
-148.1	-13.2	-120.8	-29
18.5	-325.8	-7.89999999999998	-35.8
108.5	-18.6	-31.6	-68.5
14.8	6	126.1	611.1
221.8	88.9	-56.9	146.2
-418	-20.1	-24.4	12.6
107.2	284.2	84.1	207.1
-14.7	-1.59999999999997	-0.5	-117.7
140.9	51.3	87	198.7
-402.3	61.7	-185.1	-3.09999999999997
2.5	228.6	222.8	32.2
102.2	-269.5	-16.4	-7.5
33.1	192	-393.1	148.5
-49.8000000000001	78.2	159.4	-4.1
-122.8	-530.7	50.3	70.8
17	-28.4	62.3	441.3
340.3	-38.8000000000001	-28.8	-578.1
-297.9	555.3	379.6	-628.3
2.80000000000001	141.8	-221.8	16.5
-101.3	13.4	-109.8	35.4
2241.8	-886.1	7085.9	6217.5
-926.4	-152.7	284.8	10.1
24.2	448	462.5	-1.19999999999999
57.3	-321.3	-15.9	-183.5
-5.69999999999999	104.6	8.1	85.4
100.7	25.9	-57.6	-158.6
230.9	41	99.7	255.4
112.2	38.1	-125.4	-87.5
9.80000000000001	-1.40000000000001	85.6	-18.3
30.5	829.1	570.6	204.2
1286.6	462.7	32.9	93.5
3536.7	-3468	-849.9	-2578.3
-23.1	-20	1337.8	-6.40000000000001
56.9	173.3	-158.4	-14.2
-57.7	-50.5	13.6	-60.1
137.8	80.3	-43.2	212.4
-467.9	-0.399999999999977	1244.2	-11.8000000000002
-1877.5	300.7	399.6	81.8
-304.4	-847.8	-176.4	-248.4
127.6	-91.1	81.3	592.4
131.6	-182.1	143.7	-317
34.6	27.4	175.6	-173.7
-5.59999999999997	390.6	-575.2	-48.5
224.1	226.9	162	544.5
234.7	-65.3	-366.2	353
-158.8	52.3	-24.8	28
-73.1	-215.7	32.9	-9.6
-71.7	-15.2	-27.6	122.7
249.2	-73.6	-37.9	-286
127.6	-169.3	151.9	7.80000000000001
-5.5	174	-303.1	18.5
-22.8	33.8	-21.5	-85.4
135	7	-31.7	192.7
29.8	-162.9	-4	27.2
-112.2	-74.7	17.8	105.1
253.2	-232	-27.8	-575.1
55.5	266.3	86.6	261.8
2584.6	-1099.2	-5425	1609.7
338.8	146.5	407.8	3031.9
638	-1174.5	-51.6	-2362.9
1339.1	4115.4	1556.6	-90.8000000000002
-33	167.3	-310.6	-343.7
-66.4	266	29.6999999999999	663.2
408.2	62	-214.9	156.3
-6201.6	-5284.3	-78.8	-6351.6
147.8	-56.8	1988	61.1
-762.2	46.6	-17.7	338.7
124.9	108.1	-473.4	-85.3
-97.6	-132.1	-47.5	275
-23.4	79.9	280.2	69
-27.6	-68.5	-32.4	-53.7
-144.9	-59.7	48.1	69.9
151.9	-44.3	-42.8	-98.6
-19.3	-108.9	77.5	-19.2
197.8	697	-302.2	-192.8
-15.1	-42.3	-34.4	-141.5
82.3	52.4	-29.8	163.7
-152.3	-15.6	-39	-29.7
-17.3	136	268.5	68.6
-61.5	-111.2	-41.4	-26.1
-135.5	-23.4	61.8	91
310.3	-32.9	-29.1	-148.4
-82.8	-392.1	112.5	-77.2
47.6	220.3	-144.7	-19.1
-26.3	-39.9	-43.4	-158.2
73.1	36.5	-47	238.2
-77.4	-12	-92.9	-37.8
-140.6	-1	26.5	26.1
73.4	164.8	-97.1	-19.8
-38.7	-53.5	-39.8	-115.9
60.6	49.8	-31.2	150.9
48.8	179	-77.4	-39.8
-0.200000000000003	141.5	137.8	87.3
-36.9	-134.7	-52.5	-48.3
-78.2	26.3	74.6	96.5
-3.10000000000001	78	129.5	42.6
89	226.2	-156.6	-161.2
458.5	457.6	-898.5	855.7
-76.9	-181.6	-610.8	-792.6
-46.3	5.19999999999999	41.3	106.7
249.1	-98.6	-42.8	-293.1
-5.5	-154.3	203.2	40.6
99.4	396.7	-419.1	-149.9
63.5	81.2	272.7	46.3
-57.5	-56.1	27	55.4
-32.8	-54.7	215.8	107.2
57.5	145.7	-221	-42.8
29.8	13.1	-20.5	74.3
-120.9	-42	-127.2	-14.7
199.1	14.9	-139.8	-76.7
18.2	-68.1	1.10000000000001	-28
215.2	23.5	-16.8	-52.2
11.9	84	-53.7	-1.5
242	112.9	-39.1	407.7
-199.1	-79.1	-156	-95.5
-17.3	108.8	380.6	40.9
-81.9	-155.2	-12.8	-14
208.2	-3.29999999999998	-15.3	-112.3
157.3	31.2	-25.8	304.8
-159.6	-125.1	-312.4	22.3
-29.4	179.8	223.8	67.4
126.7	-57.6	-56.4	-17.6
-91.3	-41.8	28.1	-101.8
4.1	179.7	-53.2	-39.6
105.8	23.2	-53.5	216.9
339.2	13.4	-1.60000000000002	-247.6
-12.8	-90.1	214.2	-23.7
5.59999999999999	273.1	-134.4	-32.1
30.6	-30.3	-103.5	-171.2
-113.7	22.1	-79.5	-23.9
-135.7	75.9	193.1	23.8
-28.8	-28	75.9	252.2
585.8	-153.1	-5.2	-414.6
-1.5	-30.8	299	-37.8
3	95	-130.9	-58.3
7.69999999999999	-15.3	10.3	-57.8
128.5	20.2	-11.4	183.1
-139.1	-12.7	-104.2	23
-13	77.7	238.1	-4.89999999999999
-25.9	-90.5	28.5	49.3
246.4	23.7	-12.4	-34.5
-24.6	-101.1	34.9	-100.9
70	239.1	-196.4	-13.8
-0.799999999999997	-9.89999999999999	-69.5	-59.3
-159.2	-5.90000000000001	-193.9	-13.6
-95.2	133.7	198.8	33.2
-1.40000000000003	-336.2	26.9	-53.1
-62.6	-32.5	78.4	243.7
-36.5	-129.7	148.3	-57
22.2	168.9	-145.5	-34.1
58.7	17.1	-19.5	116.5
-204.1	-18.6	-63.8	-26.9
-130.4	22.7	55.6	91.1
-3	-12.4	-7.39999999999998	-86
94.7	48.6	-70.5	214.1
-115.6	5.6	-88.2	-17.9
-124.2	-58.1	31.1	96.1
173.4	-38.6	-24.3	-163
109.7	560.6	-214.4	-136.2
-3.90000000000001	-44.2	-40.3	-87.5
43.4	24	-60.6	162.3
-88.3	-347.2	2.90000000000001	18.3
22.6	-94.2	77.5	-24
191.8	36.2	-150.8	278.2
-66.9	-8.6	-63.5	-35
-111.1	57.8	122.5	44.9
-34.9	-86.7	-57.5	-33.9
-25.1	-20.3	38.5	74.1
237.3	-83.5	-6.1	-131.8
-55.1	-69.6	100.4	-31
93.8	198.4	-148.2	-86.6
-36	-12.5	-29.2	-90.1
78.5	34.3	-37.9	112.5
-52.6	245.3	237.1	116.8
-43	-80.5	-59.5	-14.5
-106.2	-72.9	44.6	71.8
32.5	126.4	-139.2	-9.90000000000001
24.2	-82.9	-19.2	-43.5
-245.9	-191.3	55.2	110.8
160	-35.7	-100.2	-54.1
-81.2	-96.1	75.2	-77.6
108.7	237.3	-186.4	-51.7
-36.7	-77.2	-57	-17.1
149.1	74.7	-71.4	200.3
-57.2	-105.2	263.8	-61.2
117	235	-237	16.4
-44.1	-285.1	178.3	-31.9
28.9	120.6	-97.7	-8
-82.3	135	219	52.4
-69.3	-185.5	121	-88.7
55	346	-188.2	49.1
106.3	46.2	78.6	232.2
-165.4	-7.2	-101.8	-30.1
-128.5	135.1	188.4	46.2
-181.7	-47.9	45.7	76.4
177.3	53	-44.3	-92.7
-48.2	-163.8	67.8	-49
-65.2	-92.4	80.6	61.4
37.4	245.7	-252.2	-28
56.5	-122.9	-25	-122.7
163.6	31.4	-12.9	141.7
-16.5	75.2	360.7	34.5
-108.4	-167.1	48.5	-44.5
39.4	201.9	-144.5	-32.3
67.1	33.8	-26.5	160.6
-31.1	-128.2	-29.5	9.8
-105.1	-14.5	67.6	95
197.3	-32.2	-5.69999999999999	-104.2
-16.4	-158.7	18.2	-207
269.9	152.6	-90.5	325.7
-124.5	5.7	-40.1	-21.7
-57.6	-62.9	110.5	-14.4
24.7	-79.4	-30.9	-93.3
23.1	300.5	346.6	74.7
-97.5	-254.1	-7.4	-19.9
-16.5	-22.2	24.5	-71
-75	-28.9	15.6	241.8
-3.19999999999999	314.8	-121.4	-118.8
57.8	105.1	401.8	22.6
-108.5	-219.7	-63.2	17.1
286.5	-61.7	59	-187.1
-47.9	-62.8	139.4	7.40000000000001
115.2	697	-333.9	-183.8
79.9	49.7	-33.6	198.9
-148.5	7.8	-113.7	-34.8
-48.6	-102.1	-107.9	49.3
-126.1	-39.3	26.4	98.9
1124.8	-706.5	32.8	-1186
-53.4	-26.3	970.6	-30
65.2	39.8	21.2	194.2
-195.4	-4	-102.7	-76.3
-76.6	-5.5	15.5	109.7
216	-14.4	-5.80000000000001	-108.5
134.5	-40.5	-35.3	-72.9
18.1	190.8	-97.2	-48.5
-38.9	-38.4	9.19999999999999	-25.3
136	102.3	-139.1	225.2
-137.6	-166.5	-96.7	-173.1
-45.3	195	260.9	83
-45.8	-127.7	-46.1	-46.5
85.3	216.8	-224.4	5.30000000000001
-15.6	69.1	132.9	41.8
-130.9	-29.6	36.5	36
333.6	-42.2	-20.8	-237.8
105.3	218.5	-204.1	-59.7
10	-130.5	2.69999999999999	-132.1
60.3	35.1	-6.59999999999999	88
-164.5	-29.7	-402	-242
-463.1	142.9	182.4	71.1
-449.4	-136.1	128.2	186
219.3	15.1	58.5	-112.9
-70.9	-209.5	116.3	-46.8
219	375.8	-347.6	68.8
-161.7	267.4	243.3	64
5.40000000000001	-146	-99.1	70.3
159.5	-46.2	76	-111.4
-97.6	205.4	150.1	23.1
201	22.5	18.1	-180.4
50.3	469.2	-216.5	184.6
5.70000000000002	-68.9	-106.2	-29.7
222.7	97	-58.8	251.4
-251.6	4	127.5	-93.3
-175.8	248.1	247.2	58.4
22.8	-76.1	-201.9	55.4
-85.9	-63.5	50.2	73.5
216.2	-66.9	32.8	-140.8
-1.6	11.9	57.1	-49.7
45	209	-178.2	2.59999999999999
-20.4	-14.2	18	-235.6
-345	-47.1	23.2	300.7
-4	155.4	-236.1	-100.3
-16.4	-195	-72.5	-73
0.399999999999999	44	-50.2	9.9
-204.6	9.40000000000001	-56.5	-59.2
-1740.3	-1111.8	5.59999999999991	-52.6
-33.6	-14.2	261.8	106.6
3544	3845.8	-4153.6	-15566.9
36.3	64.6999999999998	-62.9000000000001	312.3
166.6	105.5	-254	362.1
-260.1	12.9	-92.5000000000001	-27.2
72	178.8	226.2	68.3
-162.1	-163.3	-54.5	-0.5
-15.5	-79.5	67.9	172.3
306	-365.1	10.4	-286.6
874.2	-936.9	-47.2	-493.1
-102.5	7.30000000000001	147.4	-80.9
180.2	-295.7	-1104.3	723.1
-522.4	1647.2	9197.1	4411.6
-57	523.7	446.8	-25.3
-128.2	-135.7	-19	-27.6
-29.9	-75.6	16.3	134.6
464.2	-634.1	17.8	-393
-51.5	197.6	326.7	-83.1
64.2	679.3	-584.6	-572.2
-10.5	-61.5	-65.7	82.6
395.7	46.1	-294.8	386.8
-205	-18.2	17.9	-24.5
-86.5	192	125	14
-25.7	54.1	4.7	29.1
2218.7	-2514	-38.3	-1586.3
81.7	159.6	859.4	200.9
26.1	210.8	-293.9	-242.9
-66.6	-22.3	42.8	36.6
99.2	4.3	-69.4	111.2
-5244.9	74.7	44	58.5
-15.1	1645.9	3534.2	563.2
-302.4	-403.5	178.2	208.1
194.5	55.6999999999999	47.2	312.9
89.9	-219.9	197.1	-494
-55.4	-8.40000000000001	389.2	-53.8
123.5	112.9	-284.6	-43.7
27.3	-132.5	-110.3	-21.7
99.5	72	-28	99.1
-79.3	388.6	506	-749.7
-106.3	77.1	107.9	55.7
-33.4	-100.2	-71.9	-20
-65.8	-71	67.9	95.8
189.7	-12.4	-26.8	-97.4
-97.3	-179.9	100.4	-74.4
72.8	150.4	-173.8	-38.9
0	-38.1	-26.3	12
136.9	29.3	-17.3	101.2
-387.6	105.3	150.9	111.5
7.30000000000001	20.2	134.6	199.4
135	-0.599999999999994	-28.1	-210.3
129	335.8	-688.2	-157.6
11.8	-59.2	-14	-33.7
157.3	-9.59999999999999	80.5	116.2
111.7	9.40000000000003	-6.79999999999995	-145.3
-82.3	109.2	166.6	-152.2
15.1	237.2	-164.5	-21
-35.4	-55	-137.4	-28.4
202.1	53.3	8.80000000000001	103.8
-272.1	-78.9	-83	-37
-91.1	474.7	271.8	120
40.7	-190.8	-19.1	-33.7
-102.1	-172.5	34.7	309.2
63.8	13.1	-16.6	-71.2
-94.9	-95.2	128.7	-110.8
22.6	180.6	-121.4	-36.1
-77.8	-104.2	-153.8	38.5999999999999
66.6	27.5	-0.5	84
-191.2	79.1	-87.6	10
116.9	9.30000000000001	-18.7	-133.5
248.5	-115.4	29.4	162.6
46	477.1	266.7	-50.2
82.9	31.2	27.2	-166.8
-12	-106.2	1133	-110.3
-101.8	-55.7	-14.5	193
-0.599999999999994	13.5	-27	-51.8
-287.2	38.9	-169	31.2
212.7	-143.4	-64.9	-244.1
77.6	-28.3000000000001	408.6	-166.1
24.9	-19.4	37.1	-72.8
-146.3	454.2	-435	-38
25.5	28.1	53.2	-111.3
-1086.5	63.9000000000001	-95.6999999999999	90.5
-23.4	156.9	69.7	-51.6
-100.9	-231.9	340.7	-64.8
-24.8	38.3	-129.1	293.2
239.6	-484.5	-35.9	-624.2
1496.2	66.6	-686.8	329.5
-448.2	376.7	-90.3	-67.5
-22	4.10000000000002	-38.8	-63
580.7	-445.3	-255.5	162.1
-1118.5	261.4	177	318.5
-45.2	1664.9	372.9	-583.6
-330.7	-413.2	-3	-14.3000000000001
210.6	58.5999999999999	-371.6	768.6
36.3	-97.5	50.1000000000001	-98.2
187	219.3	169.8	137.6
-604.2	-19.8	-390.6	-367.7
20.3000000000001	98.3	-2.90000000000003	-115.3
321.9	-304.7	-83.6	129.5
-347.4	23.9	-56.6	33.1
-51.2	32.4	-175.8	291
9.29999999999995	-119.2	355	-130
272.6	-42.2	-21.7	149
654.8	-36.1000000000001	0.700000000000017	-817.2
-169.9	126.7	-151.9	25.5
-63.7	-8.5	12.1	-203.6
197.5	-72.6	53.7	129.3
-5	-262.4	-1.80000000000001	-54.8
27.8	-182.5	482.5	82
-39.4	183.4	-215.8	32.5
33.2	187.4	-426.5	-207.4
188.6	-77.6	555.5	-442.4
772.9	272.5	396.1	2327.4
-39.3	119.3	-922.9	381.2
-597	1146.1	-2008.6	838.900000000001
1808.6	371.3	183.3	165
-40	88.9	-84.7	350.6
370.4	-12.8	2058.1	-336.9
-382.1	462.9	-479.5	-95.9
2165.4	397.9	-248.8	245.8
11.7	14.4	165.4	-29.9
-47.1	425.1	-160.6	-229.8
104.1	-54.4	-91.8	177.5
-400.5	68.5	-106.5	-19.4
89.7	255	463.9	-29.1
-123.6	-2.39999999999998	-26	137.2
321.5	-135.9	34.1	-434.7
-50.8	223.7	-360.2	-65.4
20.1	79.7	114.8	-129.6
12.1	159.5	196.4	23.8
-15	-120.3	-41.6	0.400000000000006
94.6	-4.79999999999998	264.7	-98.6
-34.4	-1.19999999999999	90.3	-73.9
152.7	-6.70000000000002	-22.9	103
-46.4	290.1	240	-69.4
-148.3	-267.2	-56.2	88.3
-196.2	89.5	-46.8	109.7
170.4	-84.8	69.3	-240.1
74.9	-121.1	87.6	109.6
-4.5	214.6	-528.7	-122.7
321.6	13.1999999999999	358.4	9.70000000000005
317.5	-11.5	-162.4	429.7
-287.1	172.9	-30.2	129.4
123.9	-74	-58.8	-419.4
442.4	-19.0999999999999	263.4	-141
-876.4	410.3	-1544.9	-1487.7
-53.6	125.8	-10.1	-23.8
1550.2	-187.6	-1509.4	1335.6
-740.2	-121.2	756.5	264
503.4	-135.9	-279.7	305.8
-632.6	159.6	249.5	-161.2
-159.2	594.9	437	-221.4
-4987.8	-2027.8	103.2	128.3
-163.4	192.3	-2055.7	3007.3
1029.8	-1278.2	2792.4	-1266.2
6.19999999999999	81.6999999999999	875.8	11.6
-404.1	536.7	-1088.5	-843.7
-425.7	-57.8	-5.60000000000002	113.7
-97.4	553	117	117.3
-39.9	182.9	-173.6	-120.4
141	-46.4	-29.6	218.8
-58.9	-268.8	72.6	-62
129.2	-17	25.6	-63.3
-127.6	-39.3000000000001	75.4	-127.4
-128	-43	-54.4	-42.6
-338.6	-56.5	-43.4	-28.9
159.9	382.2	555.8	-16.5
-74.1	-159.4	-57.5	-100.1
0.299999999999997	274	-131.1	-31.7
-55.5	-14.9	-27.6	-137.8
132.4	-2.59999999999999	-51.1	180.4
-15.2	-222.9	-6.80000000000001	-49.3000000000001
68	-16.1	7.60000000000002	228.2
347.3	-221.4	-50.1	-407.8
158.8	784.2	321.8	10
19.4	204.8	-141.9	-85.3
-38.1	-8.30000000000001	-3.5	-33
4.59999999999999	233.5	280	22.2
-142.9	-310.3	-16.1	-61
-40.4	-74.7	17.8	304.5
256.2	-98.8	-111.7	-225.4
-75.7	1.19999999999999	313.6	-27.9
35.3	284.2	-110.3	-68.6
-87.4	-108	6.19999999999999	-117.6
-13.1	-93.6	-5.3	51.9
-122.8	414.1	475	-170
-140.2	-76.6	-58.8	296.7
-117	335.1	-309.7	-175.7
7.30000000000001	-38.6	-46.3	-227.7
107.9	-11.3	3.09999999999999	137.5
-32.3	-80.1	-6.8	-11.3
-24	-33.3	76.9	-42.4
-47.4	361.7	-176.1	-105.3
134.7	-45.8	-145.1	252.4
-33	-40.1	231	-24.1
-13.2	443.9	-223.1	2.30000000000001
-38.3	-7	-31.6	-18.7
-28.4	-63.6	211.1	-25.1
14.6	223.6	-104.4	-32.4
-8.1	-18.5	-26.4	-64.8
-16.9	91.3	173.8	8.39999999999999
34.6	-106.5	-32	-6.40000000000001
-97.6	8	21.2	133.4
54.5	15.5	-42.5	147
-164	-33.1	-13.3	28.8
-28.4	-111.7	77.9	-27.2
131.6	-25.8	-8	159.4
355.6	-17.1	-13.5	-543.3
17.9	-6.59999999999997	18.7	1154.7
161	-66	222.7	-8.80000000000001
330.8	41.6	-24.3	246
-171	-21.5	267	1701.2
50.3	172.3	-61.1	-74.8
131	-158.5	-814.6	-347.8
14.6	34	258.4	163
41.6	250.6	-426.5	-312.2
-3.6	122.2	-78.9	-16.6
164.7	-26.7	3.69999999999999	239.9
-205.3	-44.6	-71.9	-21.7
279.9	-41.7	-146.6	-336.4
29.6	214.1	192.2	58.9
-67.6	74.1	77.8	-0.0999999999999979
5.10000000000001	251.8	-139.4	-12.6
30.3	-145.6	128.4	-76.8
-17	-22.7	21.6	-109.7
286.8	52.5	-101.4	347
-280.5	-15.2	-259.2	-15
-267	154.1	38.5	111.2
503.8	110.2	-183.3	277.6
-35.2	462.3	314.5	-37.6
55.3	19.5	24.7	-55.3
44.2	290.4	-176.7	-102.5
-2680.1	-135.8	-219.5	12.0999999999999
316.8	32.1	-157.6	292.6
-189.8	-115.5	-24.8	-40.9
-42.2	447.6	513.6	-18.2
-80.8	-122.9	-66.7	-272.2
-57.6	-9.80000000000001	11.7	161
377.3	-111.1	-40.4	-216.4
-70.8	-64.2	347.7	35.1
-169	13	2.90000000000001	-180.5
289	10.2	-130.1	241.4
-332	-75.4	-133.8	-26.7
-114.8	-210.6	-74.5	-260.2
-134.3	-69.2	61.2	687.5
76.4	-175.9	635.7	0.799999999999955
-1103.5	4941.6	-2045.2	-5459.9
-1394.3	-137.9	-29.2	15.5
-6	6144.1	2972.9	-782.3
-444.6	-272.7	-62.7	-566.7
105.1	-44.6	-87.3	593.1
189.2	-138.3	-239.5	-233.8
-91.3	621.7	-978.2	-967.7
2286.8	-408	-846.2	1316.7
-192.9	497.2	214	-52.4
-723.5	-714.1	-69.6	-296.8
55.9	-70.8	-86.9	1163.4
-135.3	-97.7	332.8	-74.3
-47.8	-35	763.7	-88.2
-178.2	-58.8	-157	-64.7
-284.4	-165	-13.1	-29.9
67.6	-163.3	-16.1	-105.5
-99.7	-57.2	9.79999999999998	469.5
186.4	-12	-157.7	-72.2
-42.8	-106.3	658.7	-14.3
-97.1	343	-282.6	78.7
-239.1	-36	-80.9	-108.2
-312.8	-310.8	-236.1	9.30000000000001
-72.4	529.9	158.3	48.3
6.70000000000005	17.1	16	487.7
232.7	131.4	-1643	-699
-1119.9	165.9	9.80000000000001	16.9
3974.8	-277.6	-486.3	189.4
-999.3	-490.8	-60.5	24.1
27.7	3011.6	359.2	-149.6
-130.3	-1055	-37.7	-100
775.6	-1008	328.7	3517.5
73.8	116.1	-1895.7	-427.7
56	-117	1584.2	-238.1
-0.800000000000011	151.1	-195.1	-113.2
-240.8	-27.2	-34.8	18.5
854.7	-77.3	-200.4	119.5
-11.1	328.1	115.1	15
-451.7	-513.2	-49.3	-103
1221.7	105.9	154.5	1143
-110.2	-39.6	79.5	12.7
55.7	294	101.9	-28.3
332.3	-545.4	67.7	-208.7
-71.9	-49.3	-39.2	819.2
125	108.8	-55.3	-285.6
3.30000000000001	-103.4	340.1	-104.3
-91.9	203	-114.2	-50.9
-82.8	338.7	215.9	-7.5
-211.6	-518.8	-153.2	164
-23.2	-190.5	62	-91.7
458.8	-101.6	106.9	351
-24.8	381	241.5	5.19999999999999
-129.8	-36.9	4.69999999999999	145.6
-14	560.1	-828.9	-416.1
338.7	44	-203.3	266.8
-114	-22	-205.9	-57.1
-40.6	106.5	114.9	24.4
15.5	-287.2	-26.1	-26.8
-652.6	-89.1999999999999	17.6	314.2
256	21.3	12.8	-372.4
-119.1	-287.7	380.8	-93.7
54.1	115.4	-129.5	19.6
152.2	-17.2	119	150.1
-389.3	27.9	-244.1	-23.1
97.1	403.7	279.6	46.7
-296.6	303.1	-59.8	189
151.5	-15.2	-66.1	-194.1
-48.2	-61.5	17.7	-176.8
26.3	105.4	-146.2	-61.2
-111.2	-48.1	325.4	858.6
229.9	-22.4	25.3	-123.4
-8.20000000000002	202.3	103.7	58.8
-147.5	30.5	48.4	184.4
-94.8	-524.5	282.5	22.9
146.8	350	-347	-132.2
-4.89999999999999	-49.6	44.4	-94.7
681.3	146.7	-128.9	309.8
-22.7	231	132	-104.6
15.4	-185.6	-91.9	227.2
336.5	15.6	149.7	-393.9
-166.3	-227.1	355	74.4
120.1	24	18.8	69.3
-101.9	1.80000000000001	3.39999999999999	86
116.2	195.9	69.3	-335.6
2.09999999999999	38	-113	48.4
231.5	-11.3	7.5	46.5
-101.8	-64.4	-216.1	-78.5
-511.8	120	54.4	13.2
157.7	-249.2	-264.2	-152.5
316	154	-22.3	-527
-243.9	-359.4	871.4	78.7
-0.199999999999989	72.4	-173.1	55.6
-138.5	-129.1	3.20000000000002	157.9
-67.8	-66	157.6	-32.7
-22.2	149.5	-131.8	-14.5
45.8	-78.5	-79.7	-74.5
-47.5	-29.4	-66.4	161.2
367.5	-34.8	17.4	-306.6
-43.3	-101.9	284.9	-111
-65.8	195.4	-100.8	52.2
-83.4	-38.2	94.9	-43.7
26.5	239	-322.1	-127.7
280.9	-124.1	-51.9	69.4
-114.8	-217.2	-41.1	45.5
-23	290.1	-348.1	-97.7
12.4	-120.4	-63.1	18.1
126.9	23	-36.1	85
-79.1	-231.8	-102.9	42.2
72.2	29.8	161.3	-254.2
36.7	-70.8	-56.8	-94.9
214.4	24.6	66.1	291.4
-159.7	131.5	14.5	181.7
7.29999999999998	227.6	-172.3	-35.8
-190.8	52.3	-104.8	-172.1
-373.4	-391.5	-127.9	49.8
117	68.7	17.6	-130.3
-5.59999999999997	-266.3	115.8	-402.3
-4.60000000000002	289.4	-568.6	397.4
196.1	-20.4	148.7	173.1
-387.9	59.2	-81.5	-35.1
198	-73.6	83.4	-248.6
111.3	-25	55.3	201.6
-141.7	-46.3	48.3	237.5
-837.2	945.8	-355.9	-1351.1
-93	-34.9	3257.7	-28.7
67.3	37.9	-351.9	104.3
-2689.2	-824.1	-129.3	-14.7
8269.8	4913.4	5016.9	-2712.4
-493.7	-236.7	-7.2	-54.5
-287.5	443.4	-37.8	303.5
73.9	-360	17.6	-86.9
-78.1	-40.4	52.5	404.7
192.4	96.9	-90.1	-318.4
-64.5	-41	485.4	-82.8
773.1	205.3	100	155.6
943.3	98.5	-87.8	-71.1
-326.2	-553.2	-83.3000000000001	14.5
94	552.1	-146.4	67.5
141.1	-114.1	-760.7	-143.8
-773.4	-57.1	-18.1999999999999	-32.1
550	950.5	-168.3	34.6
15.8	-194.9	185.3	-706.1
-270.8	-187	-410.9	-589.6
55.7	68.3	-304.8	-33.4
112.3	-801.5	-270.3	-35.7
-18.5	35.8000000000001	-101.1	-778.1
-68	-180.4	759.5	177.3
37.4	12.7	-281.7	-1.80000000000001
-77	-34	101	-10.1
726.5	47	74.1	36.0999999999999
-77.7	478.2	48.9	11.8
-149.1	-269.8	-148	-282.3
-244.2	-277.1	-74.9	-30.3
46.4	259.7	81.8	59.6
3.40000000000003	-346	-111.6	-87.4
1175.1	-1452	18.8	506.4
-845.4	54	-3696.3	-175
-334	179.1	1655.2	-232.5
193.1	-189.2	-105.9	45.8
-7372.9	-567.4	-612.2	456.2
6883.7	2172.6	192.9	-2406.6
-982.9	-195	-37.2	-93.8
8	2374.7	-1000.9	1279.1
109.9	inf	-189.2	-574.8
-72.9	-29.4	290.9	2088
-131	-100.1	-223.8	-451.9
-118.9	-78.1	1038.4	-8.10000000000002
276.1	-153.7	-558.6	66.4
-2108.7	-1127.7	-17.7	42.6
1098.7	936.5	32.9	-480.6
-382.1	-413.6	-105.6	-769.4
-55.3	727	-47.6999999999999	355
-49.9	-3	139.4	376.7
50.6	40.9	0.899999999999977	-344.3
-223	-70.1	408.7	14.6
163.2	-60	-353.3	29.6
-128.8	-274.7	66	30.2
603.9	237.5	-179	67.3
1.10000000000002	495.1	75.1	163.9
12.2	-66.3	175.8	500.5
98.9000000000001	-79.5	-629.5	-599.8
-48.8	82	803.8	-32.6
-265	-184.2	-63.1999999999999	73.9
454.3	184.2	-28.3	40.1
-114.8	-121.1	-32.4	-61
-40.7	3.59999999999999	140.8	261.8
88	-693.6	-111.8	-126.4
-24.7	-37.4	-301.9	1601
-120.7	-17	-328.1	-357.5
-229.9	4	-39.2	-46.3
568	-34.2	-11.7	90
-431.6	-80	-26.4	29.3
-16.8	558.9	98.5	-82.3
3.70000000000002	-139.6	91.1	-196.3
-224.2	38.3	12.1	184.8
-67.5000000000001	94.8	-257.7	-393.4
-25.2	-61.6	474.4	9.80000000000001
49.4	45.9	-258.6	9.69999999999999
-46.8	21.9	8	-75.1
1316.9	236.2	275.5	87.9000000000001
-45.3	199.2	-243.5	764.2
120.1	-28.1	165.8	-531
158.6	-103.1	443	169.6
-118.8	11.2	-148.3	-50.4
40.1	18.2	31.5	-77.3
262	-231.1	-63.1	148.4
-255.9	180.3	-78.6	13.7
-8.70000000000002	458.5	66.4	-1612.1
-12	-276.4	-13.8	54.3
-55.4	-97.2	137.9	7.30000000000001
-2281	204.2	-458.6	-195.9
511.1	-456.6	-165.4	232.7
-334	512.3	-174.2	-165.4
25.1	529.7	68.2	-381.9
-675.5	-1051.8	16.1	504.7
-16.2	-35.1	-2337.5	2214
-63.5	-103.1	142	-520.6
-0.300000000000068	-138.3	952.2	8.10000000000002
1214.9	-1985.9	-327.2	-409.5
-388.7	988.3	-77.4	71.5
-1.10000000000002	933.1	58.1	-896.9
-108.1	-348.2	-107.9	305.3
-2.19999999999999	-217.2	-849.9	702.5
-193.9	105.1	3068.2	-354.7
184.8	-37	1049.8	-129.4
-377.2	29.8	-339.9	-21.5
1173.9	173	89.3	-46.6999999999999
675.1	-344.3	-14.9	-53
-316.6	2560.2	118.3	420.9
-139.9	-332.6	-53.5	190.7
61.2	2.19999999999999	-39.4	339.9
21	-203.8	206.1	-676.9
-107.3	73.2	856.2	-63.7
-322.2	141.3	52.6999999999999	-127.3
2.39999999999998	465.9	104.2	-100.8
62.1	-585.6	-77.6	24.3
-132.9	-120	-91.5	697
-181.1	82.7	32.8000000000001	-70.4
35.7	519.4	-21	-53
450.7	-1062	8.69999999999993	-81.4000000000001
-126.6	194.3	-810.1	2521.7
-221	23.2	873.9	-397.3
-5.5	-85.4	1095.9	37.5
937.9	-186.9	-247	3.79999999999995
-62	-333	7.70000000000005	166.6
-48.9	-113.3	527	202.1
-64.4	155	-451.3	-161
-208.8	-145.9	80.6	-125.8
1504.6	-1163.6	-331.6	-114.5
-708.3	100.8	-16.7	47.6
-379.5	2254.7	11	-1390.4
8.90000000000003	-33.3	204.7	-331.1
16.1	-43.1	688.1	-63.9
284.7	467.8	-86.2	-135.2
837.4	-453.5	-39.3	-552.5
-318.4	121.9	230.4	761.5
-59.1	531.2	24.1	-114.6
12.4	-245.1	189.7	-70.1
-46.3	-70.8	-57	332.7
-604	714.4	64	-1148.3
230.5	-34.3	2927.1	57.7
-765.4	-259.8	-677.9	244.6
-78.9	34.9	-31.1	-192.2
438.8	-37.7	112.1	17.5
-478.8	-38.2	-42.8	57
-291.1	1573.7	-373.9	-569.9
100.3	-701.1	334.2	582.3
-84.5	79.5	-304.4	1128.7
-273.1	179	-737.8	-1087.8
123.7	-56.9	1372.8	106.4
-918.2	-539.3	-975.3	303.5
1048.4	754.4	-3.60000000000002	33.3
558.2	-518.3	126.9	-657.3
-382.4	66	-41.7	142.1
290.9	609.5	-12.7	-257.5
-39.5	-627.6	48.6	-104.2
-12.8	90.7	-420.7	938.7
-335.5	-263.9	60.5	-550.9
72.2	-106.6	1872.9	0.899999999999977
60.0999999999999	226.1	31.6	-70.9
619.5	-328.3	-52	-77.8
-1067.8	240.3	-38.5	254.3
190.2	1597.8	-353.4	-903.5
-23.6	-517.6	132.8	-167.7
-3.39999999999998	69.4	-273.2	860.2
-267	46.7	-89.4	-295.8
103.5	38.8	884.6	-0.5
-1213.8	-468.3	-1023.6	290.7
-14.2	98.9	-35.8	49
6934.4	-4776	-345.4	-1497.9
-635.1	-2510	286.7	738.6
-632.8	917.3	63.6	-231.1
10.9	-303.2	305.6	106.5
12.8000000000001	-144.2	-341.2	647.5
-578.6	256.8	305.3	-1051.6
259.5	22.5	5297.2	-39.7
-33	471.9	451.5	366.5
4721.1	-1631.3	-456.8	-487.7
271.6	486.1	-85.1	-347.2
-0.799999999999955	-710.3	483.8	800.5
45.6999999999999	175.6	-558.1	840
-104.7	-36.4	573.8	-510.9
507.7	311	659.1	179.2
-3854	-2096.6	-2446.4	73.3
205.4	106.7	70.6	12.5
1437.6	-1250	275.8	-315
-4908.9	1878.4	205.6	210.7
274.6	7368.8	-3819.2	-4536.6
-146.1	-594.7	400.9	2260
637.9	410.3	-709.4	1208.3
-66.0999999999999	412.8	167.5	238.3
-2220.9	-1174.6	-884.8	189.9
102.7	-10.6	-67.4	-19.7
1284	-328.4	-3.69999999999993	-475.3
-2501.5	-182.3	-38.7	183.7
46.2	6949.6	-3211.9	-5630.6
-39.4000000000001	-918.4	176.1	614
2224.9	-973.7	-731.4	1573.9
-468.4	36.8000000000001	2199.4	-458.7
-386	78.3	1133.8	-112.7
-1906.4	-911.2	-655.8	-102.7
1215.3	-297.4	125.7	10.8
2159.7	-3000.3	114	-1068
-784.6	849.4	74.9	-195
63.2	1844.4	-597	-1361.4
3.60000000000014	-1100.5	123.9	734.9
-1.69999999999999	34.9	-2787.3	2594.2
-270.3	-115.3	286.8	-319.9
-39.9	19.1	1045.8	-57.1
-705.7	-212.8	-497.7	-108.8
2887	174.3	-172.6	-57.5
851.8	-535.4	42	-206.3
-481.9	1441.6	240.4	-232.9
-266.5	-764.1	-274.2	290.5
230.3	179	-2103.8	2045.8
-839.4	-455	1826.5	-889.7
2.69999999999993	-45.5	3181.5	191.5
-2240.3	-1506.3	-750.8	-176.6
564.3	-228	127.5	207.4
1404.4	-282.7	-183.5	-312.7
-1296.1	1805.9	492.1	-748.7
22.8	5587	-1353	-2285.7
-1284.1	-2155.1	-4.30000000000001	167.8
54.8000000000001	39	-4091.8	6412.3
-81	-212	258.6	-730.7
432.1	509.1	1128.7	4.39999999999986
-4072.3	-961.8	-1765.9	-572.3
1979.9	-12.4000000000001	-40.2	206.8
865.9	-236.5	-121.5	43
-3520.3	1227.6	321.9	366
675	5039.1	-620.1	-4784.1
-179.7	-619.3	1928.9	1694.1
55.3999999999999	-221.1	-1111.4	1202.1
-704.3	-67	2003.7	-1974.7
40.7	35.6	2103.1	-9
-606.1	-811.2	-945	54.5999999999999
103.4	-51.6	-55.4	5.40000000000003
178.5	-119.7	27.9	-67.6
-116.5	581.1	234.3	38.8000000000002
-224.3	231.8	-143.7	-136.9
-23.9	-215.9	193.4	157.3
238.2	-193.4	-232.1	384.1
-330.9	25.4	924.5	-621.2
636.3	660.8	864.3	427.6
-271.2	-82.5	-513.9	-164.6
465.3	162.3	-13.8	337.3
724.8	-397.2	-146.4	-70.1
-1905.6	453.8	367.9	30.5
187.3	2886.3	-927.5	-1469.1
-61.3	-421.8	-42.4	164.8
4.89999999999998	-69.5	516.8	-609.1
238.8	-54.8	212.9	-101.6
531.9	-134.6	43.3	65
-914.9	44	47.8	-64.3
-4.89999999999998	12.7	70.8	-274.6
-349.1	167.7	432.9	-149.6
-211.8	764.9	135.8	-285.8
-10.6	-215.4	-107.7	57.8
21.2	-106.7	-108.5	355.6
299.8	-157.5	106	-90.4
-486.3	33.9000000000001	-117.3	14.6
-346.9	1106	79.3	-498.8
2.90000000000001	-16	328	-75.5
98.5	-221.3	253.2	32.8
-1626.8	177.5	-236.9	-93.2
1837.6	1510.7	-215.1	223.4
703.9	-426.4	-89.5	-85.1
-248.3	444.7	230.7	728.4
-46.8	719.4	-56.7	-545
-178.9	-632.1	104.4	160.8
150.4	-2.60000000000002	-1404.4	1708.7
-20.1	-289.9	-27.3	-508.3
282.6	171.3	923.8	-61.7
-5661.6	-696.6	-1004.1	-261.5
1400.3	693.7	-344.3	510.8
1188.1	-1306.1	15.6	51.4
-249	10992.5	-136.3	-806.9
-121.5	-17.6	-1035.1	1675.3
-531.4	-89	578.4	339.6
-69.3	98.7	-366	-25.5
2112.9	-241.5	-26.1	77.3
906.1	-662.6	-100	-11.3
-452.1	352.8	112.4	-119.5
-65.5	1504.3	-9	-2182.5
-26.9	-68.3	-573.1	610.7
-86	-185.3	1755	-471.7
-124.7	-31.1	2726.1	-67.3
-1382.1	6.10000000000002	-567.1	-59.1
62.7	-25	-109.8	-14.4
1634.2	-3051	8.90000000000001	135.3
-10.7	3266.3	321.6	-6168.2
25.6	-166.9	-1472.8	2475.6
123	-528.9	4687.5	-459.6
490.7	-19.4	-191.6	-57.9
4828.9	-2329	61.0999999999999	-64.3999999999999
-2.69999999999999	-248.8	-87.3	81.9
-169.7	-400.4	-68.6000000000001	-1257.2
54.3000000000001	213.9	2433.3	-156.5
-2068.5	-21.7	-1449.2	-421.6
-102	-4	19.8	212.3
5156	-2776.4	-970.6	-269.5
-473.4	-796.2	724.9	-69.1
-218.3	-314.2	54.3	-19.5
35.6	-60.3	-710.7	1015.1
-46.8	194.6	338.4	104.3
-1784.8	-77.1000000000001	-1897.5	-1171.1
195.9	-143.1	16.8	468.5
-1422.2	-1756.7	1.39999999999998	-382.4
-10.3	6451.1	231.4	-1418.4
-794.3	-1861.8	-72.3	-317.3
486.4	-521.1	-488.2	-1318.1
-671.8	-129.2	-81.2	141.4
545.3	29.9	-17.2	66.3
213.9	746.7	150.4	-300
82.1	-315	-526.1	1262.2
48.7000000000003	238.1	-1247	-1392.3
-209.1	663	8716.2	-3081.1
-331.4	87.1	-178.9	15.4
623.5	-204.6	76.8	7.20000000000002
-1727.2	-326.3	-14.5	-14.4
-185.7	7607.5	-392.1	-3832.4
-67.0999999999999	-1034.6	-11.1	-187.7
-67	-41.8	-407.1	2527.7
-36.8	201.4	-354.4	-1220.5
-360.7	16.7	3931.6	-153.7
-758.8	-232.4	-941.8	24.4000000000001
582.6	-42.1	-6.69999999999999	50.5
107.6	806.6	-9.90000000000001	-304.4
-68.1	-116.7	-68.5	-60.4
-167.2	-78.5	-177.6	-249.3
1362.2	130.3	-357.5	-93.7
-146.3	164.9	-4	-7.89999999999999
270.6	-616.5	-165.4	-346.4
217.1	-177.2	-358.7	6463.6
53.6999999999999	-8.30000000000007	-334.9	-540.1
431.5	447.6	878.9	-988.6
3.69999999999993	-446.1	-290.9	-46.7
-637	574	-5.79999999999995	700.1
1521.4	-170.5	-346.5	-104.5
-521	-428.7	241.5	64
71	695.4	14.1	66.2
49.9	-422.8	-46.8000000000001	-211.3
-92.5	-311.6	-148.7	750.9
44.4	97.8	490.3	71
-258.7	-23.4000000000001	-1115.6	-646.2
-472	252.7	35.6	130.7
2508.4	-341.8	-1358.1	293.9
-403	12.5	95.5	-13.4
-12.3	701	-8.90000000000003	-27.1
76.7	27.1	-68.1999999999999	721
117.5	-155	-46.6999999999999	-540.1
-3.89999999999998	68.9	-363.1	-64.2
1138.7	-187.7	-357.3	-131.3
75.8	-443.8	211.3	561.1
-49.6999999999999	298.3	-235.2	425.9
-195.9	180.8	136.5	-2177.3
-20.5999999999999	-60.7	2218.2	192.1
-160.2	-69.4	-738.3	-41.7
0.700000000000045	122.1	237	-31.9
769.3	-444.5	49.8	-122.7
431.3	-546.4	35.6	65.6
-1683	12.7	-125.3	19.2
42.3	2381.7	-82.5	-2572.3
20	-177.9	79.8	214.8
43.1	96.8	-268.4	312.9
-64.1	52.6	89.4	-159.9
-138.2	80.5	-514.9	-22.8
194.9	280.8	-95.4	54.1999999999999
2848.5	-1347	-274.8	-107.8
365.1	-1238.9	310.8	341
107.7	59.9	-2186	1921.5
-431.2	-56.3999999999999	188.3	-1441.1
802.5	1461.1	1248.7	1139.5
-367.6	-72.3	-787.9	-92
217.8	89.5000000000001	176.7	284.1
648.5	-193.9	-31	-171.9
-180.3	-777.2	217.8	273.3
945.5	483	-609.1	813
-80.6999999999999	-178.4	316.8	-660.7
-91.4	-34.3	523.7	-63.3
1049.5	-77.4	-226.4	-103.2
30.3	-71.2	-167.9	1870.2
-27.7	-151.9	-116.5	21.9
196	-5.69999999999993	174.5	-616.6
161	123.9	503.9	-516
-128	-1.5	-644.9	155
241.3	-105.5	0.799999999999955	63.6999999999999
-369.1	812.1	57.3	-8.2
-45.6	457.9	125.5	-849.7
217.5	-16.7	-144.6	418
-150.7	29.7	447.8	-10.5
-2697.3	49.7	-479.9	-38
-156.3	220.1	17.7	-2.39999999999998
-22.9	178.3	16.7	-145.1
-14.9	-164.3	-55	54.6
54.4	-4.5	-196.2	239.2
307	-191.7	249.6	-1083.8
729.2	-879.2	-188	-41.9
-228.9	-11.6	28.3	-79.9
33	-195.5	-123.8	127
488.5	166.7	-78.7	117.3
-341.8	27.2	138.8	-107.2
-19.6	404.7	145.2	-137.2
52	163.9	-351.1	544.6
28.6	-141.1	-62.6	-57.6
357.8	-54.9	2.09999999999999	98.2
-17.8	474.7	144.5	-10.8
-163.5	-300.7	-108.1	192.6
188.1	-82.6	-1170	1181.6
-101.2	32.9	810.6	-87.4
-105	133	-407.9	-168.5
30.5	-99.2	-16.9	28.3
870.3	-1777	-279.3	381.6
-45	64.9	228.3	-213.2
-229.5	-40.7	-138.2	-4.09999999999999
14.3	458.8	71.3	-37.7
-78	-211.4	-78.4	-34.5
-153.2	24.5	23.5	346.7
54.1	-26.2	-8.19999999999993	-76.7
-63.7	-183.8	95.4	76.1
-21.6999999999999	-216.6	64.5	-32.4000000000001
587.1	-14.7	-221.3	124.3
71.7	459.8	108	5.5
-197.3	-143.9	252.4	44.4
110.3	188.8	-589.5	-223.8
474.4	26.3	-133.2	312.2
-154	-56.4	-313.2	214
-104.3	551.2	-118	-235.7
-13.8	-252.3	19.4	76.2
-61.2	-30.4	-189.7	940.8
-51.5	-31.9	114.4	-190.7
-133.8	-164	501.3	47.4
-56.4999999999999	49.5	-371	-24.4
-52.9	25.2	-36.8	-90.3
787.9	103.3	-58.9	-226.9
-483.2	-187.8	-170.8	-111.3
-44.9	1096.7	-183.3	-94.5
218.2	-197.4	-66.5	-18
65.8	-155.9	1564.7	5759.8
-274.5	34.3	-40.0999999999999	-300.8
80.1	-70.4	398.4	30.7
-800.4	-379.4	-594.7	-256.8
526	4.79999999999995	-77.6	-89.2
-136.5	382.1	-303.7	-515.3
69	-408	165.8	361.1
-101.9	-176.4	-674.2	1266.4
-459.9	-119.9	355.7	-203.7
2.39999999999998	-89.6	1144.5	-79.7
18.7	192.4	34.9	15.5
-4.69999999999999	-416.3	-183.4	136.6
-116.3	-70.3	64.1	549.2
-11.2	27	-301	-135.6
2173.3	-232.8	-874.9	-406.5
-384.5	185.5	118.9	-37.6
228.7	35.2	-151.4	746.4
-192.4	-277	-1.70000000000005	-585.9
244.7	138.6	1236	-6.10000000000002
-344.6	-758.3	-2192.7	-2135.5
1793.4	-33.5	-187.5	1469.1
850.4	35.4000000000001	-468.3	-118.3
3.09999999999999	322.9	22.9	-136.7
-110.4	-248.3	0.400000000000006	84.1
-50.8	13	-13.2	271.8
95.5	-125.4	77.4	-298.3
-114.1	-32.9	-608.7	-325.8
559.7	659.5	-3.40000000000001	60.2
703.5	-59.9000000000001	-230.4	86.7
-281.7	-494.7	-84.9	-242.2
-85.7	-82.3	-30.9	-67.1
-102.8	-86.3	98.4	242
96.5	-37.6	-39.1	-157.7
130.7	-148.5	259.7	-131.6
-83.7	32.1	-87.4	38.6
22	5.30000000000001	-47.8	-46.2
589.7	-214.1	-166.3	-61.1
-276.3	38.3	-236.8	153.2
-7.19999999999999	319.6	-44.7	-154
39.5000000000001	-641.8	140.9	79.7
-160.9	99.9	-207.3	546.5
-190.9	383.7	330.6	418.3
1732.6	-269.5	450.6	-1109
-809.8	-2766.4	3790.7	11554.8
-5.29999999999973	698.2	51.1999999999999	30.5999999999999
-123.5	-1386.9	1217.8	-1397.3
-86.5	-60.1	-19.9	-342.7
66.7	26.2	261.8	150.4
3.3	-12	-114.3	-12.5
21.8999999999999	734.9	711.5	351.1
-25.3000000000002	-2331	368.2	863.3
32.4	32	243.7	2656
-90.5	-477	-337.4	159.6
-34.7	423.7	-191.5	9.60000000000002
991.2	-2312.9	222	-152
215.7	-63.4000000000001	169.3	2058.2
-494	90.1999999999999	7.09999999999991	-998.5
5771.5	714	828.7	-286.3
-215	2586.5	2725.7	1281.5
2733.5	-816	-268.1	-1311.3
-1226.5	75.5999999999999	265.4	361.1
2032.1	1129.9	-485.9	-351.2
29.1	-331	1105.1	448.8
13.9	126	-38.1	292
-829.1	381.1	-122.2	-2066.5
740.8	82.9	1823.3	236.6
-549	-219.8	-2085.6	297.4
3.90000000000001	146.1	96	-29.7
14.3	325.3	42.6	-56.6
24.8	-979.4	411.6	-183.1
-107.3	-151.7	-71.2	-984.3
-183.6	1509.6	1309.7	48.5999999999999
1100.2	-32.2	348.3	-393.2
-1006.5	234.7	385.5	458.9
365.5	724.8	-241.5	-47.5
635.4	-2821.8	188.4	103.7
575.7	617	-23.7	1046.1
-2276.4	624.1	-83.2	-4777.8
741.4	672.7	3345.5	254
-1416.8	-6240.2	-15823.5	-1363.7
248.7	1042.8	542.4	309.9
631.2	-9.60000000000002	16.6	-180.5
-3941.3	-1037	856.9	196.599999999999
220.5	2317.8	-1248.4	-9
1379.7	-10993.9	125.1	-50.0999999999999
70.5	498.1	290.4	7789.8
-128.3	147.8	-110	-769.8
337.6	112.4	472.1	582.4
1620.1	-6035.1	-14008.7	372.400000000001
1203.5	28.3	-107.7	-492.5
-1785.9	-106.7	11.2	65.3000000000001
305	1459.1	-756.5	25.4000000000001
-98.6	113	-18.9	313.2
-658	1002.3	-65.4	-2341.7
548.6	-59.8999999999999	1326.6	204.1
-52.1	289.6	262.8	-72.5
336.4	-78.1	173.7	-37.8
-1600.8	-35	-100.6	92.4
326.5	1400.6	132.1	-164.5
94.9	-524.1	77.3	-20.9
131.5	195.4	-94.1	377.6
-333.5	-132	-56.5	-1105.5
-90.6	36.5	98.9	278.8
491.9	75.5	-217.9	-143.7
-1387.7	-74.6000000000001	530.5	28
137.7	1170.1	-139.1	-22
-189.7	-563.4	247.5	19.7
355.8	126.9	54.3000000000001	456.5
-122.8	-209.8	-102.1	-675.2
1.5	-149	-701.4	-73
25.6	598	-45.8000000000001	567
694.3	-21.6999999999999	-131.8	-761.2
-1807	-938.9	265.1	-244.3
311.8	1976	-477.9	116.4
3495.5	-4952.2	127.1	-560.1
-37	-28.3000000000001	-24.5	8484.1
30.4	261.5	-147.8	-933.7
-284.5	83.9999999999999	1095	-107.6
-97.3	-118.7	-157.6	112
-345.5	-45	-264.1	-13.8000000000001
1271	-208.4	402.7	-228.5
-581.4	-354.5	-27.9000000000001	398.9
45.7	679.7	40.9	-54.4
535.3	-2103.9	169	-56.8000000000001
-33.5	40.1	-805.2	2645.7
-859.8	600.4	-53.5	-1101.3
208.9	-157.4	1855.8	123.5
-160.8	-468	-917.6	630.4
136	257.3	273.6	202.6
2736.9	-1507.7	1596	-1282.5
-1651.9	1248.6	615.3	880
249.8	1369.9	-616.7	-370.7
506.5	-1562.1	239.1	469.1
280	629.4	-47.2	751.2
-211.5	354.9	397.6	-992.2
-192.2	-95.6999999999999	742.5	632.2
459.2	-1068.7	-2826.9	1025.8
-80.3000000000001	-18.1999999999999	98.9	-64.6
2381.2	426.9	1271	-868.6
-5028.2	577.4	-86.7	645.1
47.0999999999999	4731.6	-2939.5	-2406.9
457.9	-1195.4	52.1	62.5
-21.8000000000002	763.3	-87.5	969.3
-10863.2	8976.6	-47.5	-15266.3
3424.5	-24.5	13154.3	-131.2
-3123.4	-8769.3	-8541.1	5642.3
-21.5	339.1	245	560.3
1284.7	120.3	278.9	-412.4
-1149.7	-673	546.1	-384.299999999999
-27.6999999999999	1001.9	-125	137.1
2062.8	-1881.5	-157.7	49.9
258	27.8	141.3	2323.5
-31	47.7	656.4	-118.1
495.299999999999	1531.1	115.9	-2367.8
-1557.1	-5453	-8711.1	5951.4
-101.299999999999	-36.6999999999998	-1888.4	1447
790.6	-56.2	267.4	-56.5
35.4	486.8	26.7	-7.20000000000005
-75.5	29.8000000000001	-243.1	966.3
-144.6	-10.1	567.2	40.3
13.3	47	-421.4	96.1
-843	-332.5	103.5	-50.3
1296.6	-33.9000000000001	-278.2	-344.2
-2046.7	-104.5	325.8	87.1
74.8	2209.2	-519.9	-68.0999999999999
530.4	465.2	-32.3000000000002	1904.7
-115.2	37.3	58	-230.1
-235.7	186.5	258.9	175.7
264	-154.3	-1443.4	-66.6000000000001
72.9	102.7	140.3	258.8
7015.9	903.599999999999	-411.6	-5126.4
-2457.7	426.5	520.7	-312.2
1.39999999999998	1997.8	-1145.7	496.3
-451.2	-1432.9	86.3	237.3
117.2	-45.8	456.3	1142.1
-8906.6	1727.8	62.3	-14925.5
-337.3	530.9	16192.5	-14.1999999999998
2305	565.9	557.5	-1668.3
370.8	611.5	-307.5	36.1
226.1	-1160.1	183.3	-485.1
-34.8000000000001	35.8	455.8	1246.4
-18792.3	8165.7	-67.1	-13162.3
-361.1	179.2	15761.4	131.7
3217.5	-6549.8	-3029.5	1307
-128.5	284.7	706.9	338.5
8334.3	2584.7	2576.5	-9163.5
-3261.3	-366	295	-12.1000000000004
280.3	5935	-6813.8	1676.5
1940.6	-4953	127.200000000001	69.4000000000001
55.6	38.6	2453.2	7995.5
-13025.2	3631.8	-53.2	-6733.8
-199.8	310.8	11467.1	-25.3
706.7	-4033.9	-2865.1	611.5
-855	-587.5	-361.3	257.4
7411.2	-165.6	933.3	-4791.2
-1710.6	340.8	242.9	-288.7
112.7	3070.9	-2491.7	1116.6
243.2	-661.4	-2021.6	-33.4000000000015
-97.6	190.8	306.5	989.7
-497.1	250.6	211.3	-763.9
278.1	184.3	971.8	380.9
1076.2	-3583.2	-5415.4	823.4
-311.6	-218.9	526.7	41.5
9839.4	2788.3	1529.6	-10867.5
-3010.6	-136	36.1999999999999	393.2
184.3	3701.5	-2537.1	214.2
-40.4	-1190.2	18.9	-64.4
300.3	315.7	128.9	1420.9
-2453	479.4	-188	-3377.5
-14.6999999999999	-413.3	-754.4	-47.4999999999999
1464.5	358.200000000001	2739.4	357.400000000001
4126.4	-264.8	121	-3279.7
-4801.1	-222.9	729	655.5
173.1	7026.3	-7272.6	210.7
292.2	-966	7	104.6
-88.1	425	-345.4	947.6
-524.9	385.1	-977.900000000001	-1134.8
-59.2	12.7	1143.1	86.4
238.8	-926.1	-1505.4	485.6
88.1	73.8	281.7	-8.40000000000003
1257.6	-53.8000000000002	424.2	-1450.7
-845.5	3	1.60000000000002	37.2
321.4	738.4	-958.3	58
777.5	-1822.2	271.1	234
135.5	345.6	515.2	1666
-569.6	488.6	-92.8000000000002	-1229.1
-374.7	724.9	1303.7	566.8
-96.5999999999999	-652.7	-1315.8	572.7
-11.1	93.4	25.0000000000001	-99.6
-1553.8	-29.6	-30.8	59.6
-358.3	1578.5	-1261	163
-15537.4	3206.4	-767.2	-19635.8
1517.5	-2967.8	-5060.8	1104.5
-536.8	2134.5	4627	818.9
1124.5	324.3	243.8	-504.4
-715.4	-341.6	-222.9	1017.5
2138.8	589.9	-46.5	174.7
1298.9	-3202.9	2614.7	-1625.5
975.5	2707.3	1847.5	3232.8
-12856.5	2740.6	-1884	-13206.5
-89.5	230.9	11533.7	390.8
3437.4	-9047.7	-7877.3	1795.8
-504.6	-167	767.3	511.7
7570.1	618.2	2164.1	-5230.6
inf	-252.2	207.7	251.5
297.2	9063.1	-7897.3	-160.2
913.599999999999	-5396.9	103.8	-348.5
255.3	153.4	3330.8	4484.3
-19690.7	7287.5	-459.9	-14014.9
-10562.3	2184.7	14043.3	1843.3
372.1	-554.4	-767.4	258.5
-203.1	247.7	137.4	433.8
10201.5	4268.6	3204.4	-10350.7
-10105.3	-1492	3063	-578.200000000001
245.9	-2041.6	-131.1	-10.8
661.3	1014.5	972.3	1572.5
-4251.3	1030.5	1111.4	-5925.9
205.4	272.9	7452.2	498.9
-709.5	-1833.4	-2076.3	212.5
1695.6	-84.2	4.20000000000005	-375
-1704.7	90.8000000000002	231.2	-231.6
180.3	2661.7	-1464.2	-1048
422.4	-2061.6	-88.8000000000002	257.4
75.5	109.2	-340.9	3696
-253.9	31.7	161.4	-984.7
2173.3	49.0999999999999	940.2	1373.5
-1589.6	-1251.2	-1887.7	240.4
684	106.5	718.8	62.3999999999999
5519.4	-3695.6	671.7	-2026.8
-915.1	1041.8	94.2000000000003	595.6
1102.3	972.9	-314.1	-310.2
253.2	-2934.8	2287	2758
-6372.2	2019.7	110.1	-6069
2082	690.4	9177	417.200000000001
-335.5	-243	-527.8	67.1
76.1000000000001	29.7	95.1999999999999	87.5
-33.7	457	-41.2	12.6
1279.1	-2280.8	222.1	434.3
135.6	-96.4	-1213	4043
-619.6	441	26.4000000000001	-814.2
1044.7	211.4	854.7	211.9
-3324.5	-4542.3	-3444	1822.1
2673.4	568.1	259.4	94.5
1501.4	-628.2	249.2	-750.4
-1021.7	198.4	-3.29999999999995	-8.29999999999995
314.9	1195.2	-396.3	-407
-0.399999999999864	-2159.1	-47.4000000000001	-53.0999999999999
-25.9	247.6	-153.8	1913.7
-107.1	75.8	-206.9	-556.1
106.9	8.90000000000003	553.9	253.9
-672.9	-783.4	-1077.5	-126.5
1100.1	-168.9	47.5	-296.2
-830	43.2	-190.7	107
165	820.3	-113.7	-114.2
309.9	-1797.9	58	-6.20000000000005
-102.3	641.3	-47.8	1407.3
-386.5	89.5	147.2	-1106.8
-69	-159.1	-697.3	-4.09999999999997
546.9	-113	-79.5	-101.2
-6481.7	407.9	26.8	237.7
484.5	6241.3	-3721.4	-1434.8
-435.5	-499.8	-1187.9	-90
495.8	-86.5	-53.1	-139.5
-692.4	-440.9	160.4	972.6
15.4	853.2	-320.7	-189
122.5	-445.5	99.4	-6.69999999999999
-85.6	321.5	-275.3	579.3
-99.4	67.1	786.9	-360.4
30.9	-17.6	392.5	1.60000000000001
502.5	-2083.7	-634.4	440.8
-220.9	98.7	41.5	-61
978.6	209.6	144	-487.4
-1118.5	-1463.1	32.3000000000001	-270.1
1559.9	1412	-755.3	370
-10.1999999999999	300.8	105.6	776.3
-40.0999999999999	881	1266.1	16.5
-343.3	-599.2	345.1	429.7
723.5	557.1	-279.2	-91.5
121.4	-1104.2	3746.3	-2574.6
394.5	130.2	18.8000000000002	1499.2
-421.4	180.2	-87.5999999999999	-841.9
3317.6	1968.9	1033.9	-1700.6
27.3	-137.6	-460.4	-9.80000000000001
-291.7	43.5	-49.5	382.1
788.1	93.6999999999999	-40.1	-60.1
-316.4	-268	244.8	-106.8
-261.3	701.8	-332.1	-196.4
240.5	-239.1	192.3	-211.8
-46.7	-217.5	-547.8	1219.5
-4666.7	221.6	63.5	-726.8
151.6	117.2	5588.7	-115.8
-848.5	-1210.1	-587.9	61.8
1036	133.1	7.19999999999999	31.4
4862.4	-1301.4	175.7	-4585.7
-764.5	1038.2	-7.80000000000001	-886.6
101.7	2021.3	-1846	-587.1
-265.3	-1568.6	1028.7	1221
52.1999999999999	-29.1	-3234.2	4559.1
-7384.1	-55	1188.8	-539.7
-24.3000000000001	-22.5	9084.1	-8.5
-112.9	-261.1	-311	-80.9
76.0000000000001	-258.7	-184.2	-58.7
3872.6	-711.1	125.3	-2021.6
-777.9	-148.7	-35.3000000000001	-4
-90.2	4315.9	-2428.4	-294.7
312.3	-759	210.1	-33.3
-106.7	73.9	242.4	7476.6
-523.8	48	-373.3	-486.4
-1220.8	-1928.4	-1657.7	456.8
2766.8	-703.3	-175.3	134.9
2359.7	-546	219.7	-1580.5
-770.9	70.6000000000004	128.6	47.7999999999997
-55.2	1986.9	-1001	-680.1
54	-673.5	-104.7	146.4
203.3	164.4	-153.4	1109.4
-14706.5	1316.3	675.2	-2113
-1785.3	-896.8	16408.8	1102
-96.0999999999999	-2236.6	-872.2	298
-100	-623.9	-799.3	-74
12278.9	-223.800000000001	1608.6	-12863.3
-534.1	-262.5	-208.2	723.1
252.8	1074.9	-703.5	-56.1999999999998
58.2	-539.8	488.4	1467.8
519.5	-95.5	33.2	545.9
-1456.4	203.7	1973.8	-1553.7
170.8	-82.4	1747.9	137.7
260.2	205	65.6	23.8
3168.9	-700.2	9	-3228.2
-721.8	160	-51.1999999999999	-54.8
-199.6	1379.6	-1184.8	-171.1
-12.6	-244.5	-404.400000000001	2734.2
72.8000000000001	85.9000000000001	9.59999999999997	280
-4279.1	7.10000000000036	467.5	-3113.1
-187.4	73.3	4736.9	-64.8
-630.6	-1183.7	-1561.3	-224.8
-613.5	452.8	37	85
113.3	-592.5	4.10000000000002	-10.5
979.8	159.6	-66.4000000000001	3185.7
-1034.6	-164.2	171.2	-1039.4
240.3	170.8	1781.5	-45.1
-7.29999999999995	-395.1	-377.1	-121.9
451.2	323.5	-161	418
1239.6	-49.3000000000002	-226.9	-164.8
-159.9	17	39.6999999999999	11.7
82.6999999999999	265.1	-97.4	-15.8
-99.5999999999999	-939.8	188.7	-156.4
-16.6	1.10000000000002	-308.6	1327.5
-661.9	40.5	-74.5	-838.1
-97.4000000000001	-43.9000000000001	1559.7	157.5
455.3	-699.5	-726.6	142.2
-83.8	-332.5	-21.5	-10.1
787.3	260.8	47.2	-108.4
-1435.2	-43.5	58.8	-140.4
108	1987.8	-716.8	-24.6999999999998
63	-1087.8	-142.8	203.4
12.2	135.7	241.8	1546.2
-89.8	-79.1	-45.6999999999999	-481.9
149.7	263.3	595.8	200.3
141.6	-346.8	-293.3	-1.29999999999998
-225.2	25.3000000000001	112	55
795.8	146.6	-59.5	-311.9
-1272.6	-9225.4	755.6	-5098
175.2	2041	-895.2	849.1
45.2	-1163.3	-442.3	-688.2
-41.3000000000001	315	809.6	1397.2
-1709.4	90.6000000000001	94	-1792
1104.3	1049.2	2161.3	1382.2
201.6	-480.8	-478.3	1.79999999999995
10.9000000000001	-220.4	97.1000000000001	297.5
1885.4	420.2	-4.29999999999995	-1547.8
-2794.6	165.4	188	67.3
-63.5	18157.5	-19940.8	15713.2
-184.5	-1133.5	8.19999999999982	-137.2
-4586.2	-432.4	123.7	-3751.7
-25.4000000000001	23.4	6338.8	-92
-364.2	179.2	-138.6	-273
-5.90000000000003	-174.2	-148.9	1705.7
7901.9	-347.8	1004.9	-2007.1
-4606.7	-2979.8	1416.1	339.9
-695.8	9186.1	-1801.6	-78.4000000000005
61.5	-439.2	575.5	-3837.7
-99.3	-143.5	-731.7	93.9
385.5	-9.30000000000001	117.8	-71
-1023.8	-1293	1484.9	-668
-18.1	1006.6	-187.1	-125.7
-4	-557.3	93.1999999999999	-67.6
219.9	-1113.5	-89.8000000000001	681.6
-10.6	-23.7	-35.9	15.9
-793	197.8	251.9	70.5
30.3	2607.3	-1693.8	-1153.5
-15	-662.2	172.2	-37.8
315.3	60.8000000000001	-149.6	761.5
40.3	-14.4	-27.1	-319.3
440.3	368.5	357.7	21.6000000000001
-204.9	-30.2	-292	-22.2
698.9	-15	-126.1	82.9000000000001
-150.8	236.5	305.3	-581.9
-96.5	36.2	538.7	-181.7
22.3	-102.2	-282.8	68.6
-38.5	8	34.7	-281.1
-681.4	303.6	248.2	-291.3
108.6	-20.5	-473.5	17.6
1996.4	-4912.4	-141.5	149.9
-6.09999999999991	-102.6	-302.699999999999	4975.2
-132	18.6	1722.3	-43.2
1344.4	183.6	507.2	-646.4
-306.1	373.6	-39	-137.3
162.3	239	12.1	111.8
-1358.6	-416.2	195.9	-2488.6
489.5	1126.1	1763.1	993
457.4	16	-124.6	48.6999999999999
inf	523.8	869	-234.3
13.4	-489.1	0.600000000000023	446.2
117.9	-302	-10	347.6
-159.7	-58.7	833.7	-597.5
26.4	52.2	590.7	-60.5
-295.4	58.6999999999999	-170.5	-46.7
-34.1	433.9	-103.6	-203.6
77.4	-138	690.2	64.8
-19.1	-74.9000000000001	-633	272.3
47.5	38.6	-13	-89.2
293.9	25.5	59	37.5
115.2	-653.9	445.2	799.3
-62.9	111.8	-127.5	346
140.6	-81.3000000000001	167.7	-798.1
-39.6	-66.3000000000001	588	406.3
74.8	-120	-709.6	-36.9
-593.2	106.5	-66.5	-241.4
223.5	527.3	118.2	76.5
46.9	-500.3	-147.6	59.1
141.6	455.9	7.90000000000001	-104.3
-19.3	-406.6	-27.8	4.30000000000001
171.8	-32.5	19.1	839.5
-310.8	-696.3	-38.3	-481.2
-70.2	94.9000000000001	77.1999999999999	676.3
31.9	-77.2	-166	-315.5
863	748.8	221.2	1115.5
-32.6999999999999	69.4	-663.6	-275.8
85.8	292.5	280.8	27.3
1321.1	-99	-336.2	63.7
103.9	675.5	-44.7	167.6
433.8	105	24.4	664.5
-502.8	-96.5	-684.8	-511.8
2642.5	1326.9	884.2	852.1
67.9	46	-674.7	-211.1
-201.1	15.3	-70.8	-1415.9
24.5	-102.2	598.7	274.3
171.3	-15.9	-955.9	-193.6
-671.6	41.4	274.7	607.7
-66.4	-60.6	283.4	31.9
-135.9	-188	-69.6	129.5
-119.3	108.8	111.8	601
177.2	33.9	55.8	-707.8
-311	-517	-116.9	40.6999999999999
80.7	242.1	31.1	92.8
733.7	-2636.4	20.1	-142.4
434.9	120.9	87.6999999999998	689.8
348.1	465.6	287.4	1041.6
138.9	-217.5	129	147.6
316.1	37.3	-68.5000000000001	-47.1
-824.5	30.6	16	13.4
-46.3000000000001	458.8	-227.3	-2.70000000000005
393.9	-1276.2	97.7	156.1
1842.3	1301.7	4.10000000000014	815.9
-520.7	-39.0999999999999	1650.8	-2409.4
386.4	393.9	1772.5	682.1
-57.1999999999999	-420.4	-1267.2	156.3
567	-0.299999999999727	347.8	244.2
-2163.3	957.9	595.9	-623.2
694.7	1111	-1259.7	403.6
-960.200000000001	-9782.1	489.3	378.3
1071.9	1229.7	874	5752.3
-280.2	-549.8	455.4	-3049.2
1829.5	1689.9	2075.3	834.3
49.6	-200.4	-353.6	-48.5
438.7	102.2	-46.6	3
-4509.9	125.3	814.5	80.5
8.10000000000002	3315.6	-712.1	-636.3
53.1	-404.9	-4.70000000000005	23.6
65.5	-56.1	72.5	239.6
-176.8	10.2	-24	-618.9
78.9000000000001	757.7	395.7	377.4
328.6	-142.5	-765	244.8
13.7	-117.3	42.2	-110.5
679.4	299.4	397	-203
-500.8	68.7	-115.9	-182.6
1201.6	190.2	330.8	-1087.1
-2163.8	-121.2	275.8	511.4
969.3	1192.9	-850.2	692.4
28.1	-519.8	185.1	207
81.7	210.3	309.6	446.5
-68.6	33.5	-107.1	-119
-15.1000000000001	59.7	102.8	251.7
6811.1	-11691.7	-13940.5	3392.7
-272.8	-537.099999999999	813.5	716.1
847.1	740.9	22.3	-986.5
-3858.9	-784.6	215.2	-206.9
142.6	2315.1	-2059.5	2156.3
3.60000000000002	96.8	1268.4	947.6
-279.5	100.3	-967.1	-829.9
4458.9	-4438.2	-3675.5	399.1
554.3	477.8	212.9	-652.7
-1099.8	-2778.7	272.5	2008.9
38.5999999999999	1110.1	-458.3	388.2
34.5	-485.2	-20.3000000000002	-588.7
37.2	-145.9	196.9	561.5
18021.7	3331.1	6627.4	-11963
-725.7	-184.4	208.5	378.8
258.2	-890.1	10.7	-94.2
405.9	-1392.6	438.7	559.9
-4427	4153.1	-1416.6	-7100.3
716.7	158	2599.5	378.1
1391.1	-2198.6	-5113.4	1191.6
-359.8	80	331.9	-27
8479.2	5050.9	6385	-8904.9
-468.7	-1166.1	3044.1	539.9
577.7	303.6	-92.2	63.4
970.2	-4063.1	162.4	-199.1
311	589.1	1262.8	1895.7
-76.8	59.8000000000001	-411.6	-659.4
6.20000000000005	19.8	425	360.5
179	-60.4	-511.9	59.9
-96.2	-72.5	37.5	21.6
6169	1780.1	3523.3	-2276.4
-516.9	-122.7	165.1	26.1
-2669.2	387.3	-400.2	105.8
48316.8	-38698.2	1134.3	-2319.3
124.6	371.9	17548.1	18019.9
-45072.1	62694	-2389.8	-51312.2
5142	723.1	26328.8	1579.1
38468.4	-49475.8	-55324.8	49946.7
-8492	440.699999999997	1191.7	1224.5
16285.1	-76.8999999999996	25777.6	-23021.2
-9613.1	-43.1	-8.19999999999999	115.6
-184.300000000001	10180.8	-7559.9	1762.8
418.2	-1151.2	1072.8	-649.8
1684	-22529.8	226.7	786.9
-20383.3	22367.7	-3855.2	-37873.7
-1011.4	874.7	24376.8	-835.400000000001
-192.6	-216.6	-45.4	160.5
757.3	355.4	416.2	-457.4
-14677.4	-1228.7	2416.4	-1685.4
-2207.2	9061	-9057.5	10354.6
4707.9	-16580.9	-9389	-3107.7
3215.3	-2608.4	9097	10963.3
-12883.5	3660	-1617.6	-17411.7
-8711.1	10625.6	12960.1	-7051.6
6908.8	-9288.9	-19620.3	4100.9
49	-169	277.1	348.8
4252.8	1823.8	1504	-3460.5
-20460.3	-939.7	2332.2	3020.5
330.4	14843.9	-12395.5	10711.2
3291.9	-6491.3	-2098.7	746.799999999999
2119.9	4899	3535.4	4341.7
-6336.9	4265	-1219	-10630.9
-1972.8	48.4000000000005	6260.7	2496.4
3045.7	-3355.5	-3778.2	1943.2
-3293.5	3344.6	-1861.1	523.9
-1925.4	-401.2	328.5	-249.3
2872.7	1135.1	-1691.5	1325.7
374.4	-1469.9	1320.5	-1912.9
-20.1	116.5	549.4	1098.6
-1034.6	233.1	-67.9	-1682.8
159.6	84.9	77.6	-22.7
-14160.1	78.1999999999998	109.8	-56.3
110.3	7831.2	-2055.3	3817
628	-1742.4	46.4	86.6
6.5	15.3000000000001	37.7	641.8
-700.9	2001.3	25	-5433
115	245.3	2068.9	502.9
72.8	-831.6	-4338.7	1672.8
676	1344.8	1435.5	111.9
741.7	107.8	1100.3	-491.5
-1578.9	-711.9	444.8	1684.3
691.6	849.5	-330.7	152.9
4688.8	-9198.1	577.8	-1118.6
13.8	315.1	-248.2	95.8
2778.6	-38.1999999999998	4758.7	-2595.7
236.6	344.2	-36.3	38.9
488.9	-2460.5	440.8	-48.2
46.2	41.6	41	1572.5
-111.5	702.7	97.9	-2908.9
-803.7	816.5	1769.3	791.7
45.6999999999999	-70.9	-914.2	73.5
45.4	-70.9	175.7	-5.60000000000002
362.7	29.9	52	71.7
-722.2	52.7	-178.4	417.7
182.2	432.1	-31.2	37.5
262.8	-613.5	143.6	-39.5
-122.3	134.2	-14.9	303.7
116.4	245.3	105	-1150.6
184.5	35.6999999999999	-837.7	335.6
81.1	-52.6	14.8	-235.6
342.1	90.5	205.8	-119.9
-222.9	-1043.4	291.6	-18.2
-22.4	75.7	571.8	1843.4
-378.9	26.9	-19.9	-191.2
19.3	26.6	169.6	2.59999999999997
150.3	-130.7	-647.6	-84.5
751.1	5211.3	-1649.8	1739.6
757.8	-175.8	-196.7	-560.9
-546.2	268.3	28	215.5
49.9	524.1	-219.5	197.1
-559.7	-3773.7	-81.3000000000001	-1.10000000000002
41.3	92.9	4834.4	3571
-418.7	-30.3000000000001	-465.1	-596.4
-1277.9	-305.1	644.7	-97.0999999999999
2493.7	-1229.8	-1348.1	203.3
-698.4	-579.3	403.7	-42.1999999999999
2262.2	5951	511.6	-6147.6
-1001.5	-941.1	20.6	499.8
-133.6	953.9	-390.9	638.9
14.5	-408	701.7	-96.2
8591.5	-712.800000000001	1631.6	489.9
-105.2	191.9	-1829.9	-753
419	-205	-653.7	179.5
2.39999999999998	-166.7	-1.69999999999999	-88.8
810.9	253.9	174.8	18.8000000000001
-298	-216.3	-331.3	-482.2
-35	437.1	105.1	233.3
-52.9	-248.7	-232.9	-209.2
-37.7	4.19999999999999	176.1	364.8
-1603.3	-977.5	-3.10000000000002	-944.4
-86	-54.5	2345.6	-64.5
589.1	-288.6	-886	-254.5
678	279.1	-85.7	-150.6
-858.6	50.9	103.5	26.9000000000001
-79.6	-288.5	-52.7	11.8
100.5	54.8	62.8	243.5
89.8	421.1	418.6	78.6
511.1	-394.3	-852.2	-939.8
-23.2	199.5	46.7	58.6
-394.9	463.8	-45.4	-311.4
-3927.5	4214.9	185.7	-790.3
1461.4	-378.4	-1967.1	-189.2
270.4	-552.2	-355.2	541.1
123.8	70	-35.1	-21.3
-472	-85.4	33.3	-164.5
-229	617.5	-336.2	697.5
-90.2	-509	-164.8	-540.1
8.80000000000001	152	435.5	394.6
9.70000000000005	-140.6	-284.3	-822.6
-351.8	185.8	513.1	233.1
746.1	-279.6	-990.2	-353.9
-57.8	-210.5	25.5	-50.1
367.8	347.1	-30.6	-74.8
-1533.3	64.1	-10.4	-68.3
-6562.2	834.8	-1197.1	1756.4
484.2	251.3	343.3	693.4
-22.4	74.8	178.6	-181.2
207.1	33.6	-558.5	-8.90000000000003
299.9	218.1	-0.599999999999966	-9.59999999999997
-361.8	-53.6	-85.7	164.6
187.8	243.6	72.1	85.5
-90.1	-428.6	61.6000000000001	81.9000000000001
212	780.9	120.4	279.4
70.9	-117.4	-240.5	-21.3
-80.4	254.9	322.2	35.7
1030.6	309.3	-293.5	-649.2
-109.4	47.7	227.6	121.7
-358.7	-102.3	30.3	-186.4
136.6	-123.1	-113.6	-174.5
-105.7	11.4	294.2	39
-82.7	270	111.1	34
189.8	-65.5	84.1	512.5
154.4	15.5999999999999	-94.4	-516.8
157.4	59.3	-452.6	-29.4
450.5	65.6	-48.6	21.3
-23.1	-32.6	-49.2	-25.5
64.8	-213	25.8	116
61	-322.1	-140.5	-482.7
6789.3	5846.6	462.9	-2070.4
209.7	117.9	-1965.3	-2614.1
301	-25.5	-30.6	302.8
277.7	67.5	-220	-63.7
-769.9	-1385.4	84	71
28.6	77.0999999999999	249	-48.8
-65.0999999999999	-32.6	-561.5	57.3
195.2	-22.3	-13.3	13.9
94.3	257.1	-99.3	-157.9
-7.59999999999991	-697.4	57.7	141
83.9	-3.5	-67.6	621.2
-92	-274.4	224.8	-1545.9
184.8	132.7	1303.7	-70.5999999999999
432	-424.7	-405.8	2.5
-301.9	-856.5	106.7	185.4
-57.4000000000001	366.2	258	207.1
-29.7	45.1	-143.3	-242.5
512.9	-22.2	-358.6	317.2
-486.3	39.6	14	-47.1
69.3999999999999	399.5	141.5	22.5
-193	-353.1	-344.2	1046
30.1	60.2	-88.2	299.8
183.3	-950.8	137.8	-724.7
-19	-61.5	709.9	76.5
-292	177.3	-231.1	-256.7
645.5	144.3	92.6	108.2
299.3	-310.7	-145.6	95.7
-141.9	129.9	-65.4	64
-66.8	219.3	132.9	-305.2
-308.9	-617	-113.7	412.2
-60.8	-22.5	-278.1	639.3
728.5	-2831.6	153.1	-980.2
458.7	256.7	2896.9	-106.2
-177.9	-18	-194.2	-271.4
1289.4	170.5	-61.4000000000001	383.2
-1272	640.8	37.1	-160.2
158	2299.4	1830.9	-3748.5
-147.8	-155.6	854.9	6326.3
81.6	-33.7	-115.7	252.6
60.1	-142	85.2	-373.8
54.1	98.8	432.9	-41.8
-1750.8	-763.6	-1504.9	-1248.7
389.2	135.4	-2.90000000000009	243
1238.1	-566.1	-622.4	-611.4
228.7	65.5	100.3	25.6999999999999
158	79.3	-144.5	-6
-174.8	-57.3	-64	-35.1
177.9	90.7	-238.4	53.5
280.5	-72.6	-67.9	102.9
-974.6	592	1097.4	223.6
-104.7	561.8	652.2	-253.6
-352.4	510.3	-823.2	-467.8
26.8	-66.7	-8.5	-18.2
170.7	-6.09999999999999	-37.3	111.2
-14.9	-85.2	220.8	-32.6
-33.8	107.8	-210.9	25.9
502.9	-189	-61.3	190.6
51.3	17.5	-22.9	272.3
-309	348.6	-667.6	-339.6
42.4	-25.1	-78.7	40.3
273.3	-51.3	-141.5	228
-80.5	573	311.1	-1243.4
-73.6	-6.5	633	-49.8
885.3	267.9	8.90000000000009	401.7
45.5999999999999	-865.1	523	72.4999999999999
240.4	60.6999999999999	834.9	513.2
-496.1	33.2	-414.6	144
1.5	63	-934.5	-271.6
218.2	460	3.29999999999995	282.8
694.3	85.2	-301.2	121.5
14.3	28	254.7	-36.8
681.7	41.7	-9	59.2
-3.10000000000002	-517.3	1.89999999999998	268.4
-145.6	97.0999999999999	-81.8	413.6
81.2	32.6	423.4	47.6
-544.3	-333.1	-1553.2	-37.5
150.6	211.3	319.7	-7.60000000000002
-607.2	-26.9000000000001	-1318.2	-398.9
391.4	171.1	126	52.5
371.7	-571.9	76	114.7
-200.8	-881.4	-27.2	-7.59999999999997
2904.9	1414.7	17.8	1558
-166	-471.8	143.5	327.8
450.900000000001	-1846	142.8	-4229
593.3	871	3168.4	415.7
-145.7	4.30000000000007	-503.4	688.6
-3.80000000000001	6.09999999999999	-257.5	39.9
379.9	253.1	230.4	-1052.1
-15	-105	937.6	-164.5
-64.5	-20.9	-366.7	200
121.5	364.7	-374	149.7
357.1	-128.6	110.6	-115.2
-18147.5	-90.6999999999999	29.2	366.8
1115.2	5613.6	-3567.2	-2843.2
1714.8	1150	-90.5	483.7
-689	943.6	824.1	-3598.5
160.8	51.1	1136.4	241.9
-45	20.8000000000001	-1116.5	98.4000000000001
288.3	808.8	1404.9	688.2
695.2	-247.7	311.5	193.7
-24803.5	21.3	94.8	218.3
185.6	7384.5	579.299999999999	-1705.2
127.6	-943.5	186	1.89999999999998
693	-288.8	-269.1	456.7
128.9	-7.09999999999991	981.1	-1975.2
106.7	263.3	1109.5	70.3
-651.8	152.6	-2196.6	-6.79999999999995
-121.8	-125.8	40.5	530.9
1540.4	-304.9	55.2999999999997	561.3
205.2	2292.1	154.7	-2660.9
310.1	-2179.5	245.8	68.6
-8.09999999999997	168.2	20.3	-697.5
1101.1	-67.6	381.5	1560.1
565.6	-103.9	-116.4	33.4
-783.1	261.1	683.1	568.2
-15.9000000000001	497	-192.8	-358.8
205.2	246.6	-500.4	619.7
1284.6	-1527	176.8	139.8
-35.4	-135.9	-225.9	1542.8
-84.9	-7.40000000000009	1177.5	-252.9
-212	2398.2	259.7	4.30000000000007
133	-1315.7	-78.7	-208.3
-4.19999999999999	-105.1	-60.8999999999999	1956.6
104	179.4	-39.9	-344.9
-200.2	30.4	607.6	-430.9
-725	606.3	-1240.7	515.6
-164.4	-107.2	-146.3	41.6
15.5	-122.2	-163.7	-73.4
306.7	63.4	-121.2	-437.9
-51.1	-10.1	661.3	-41.7
-188.8	-247.9	278	-10.5
451.7	-60.3	213.4	113.9
-54.9	133.4	552.5	45.1999999999999
-1410	-9.5	-3695	606.2
-22.6	-84.1	272	-65.1
-200.1	-4.90000000000003	-738.9	51.9
-169.8	29.3	29	35.9000000000001
1870.3	-199.3	51.7	-315
-575.9	-353.8	269.3	-99.6
180.5	259.4	-127.3	-516.5
-40.4	-49	433.3	-78
-161.2	55.9	-517.6	304.7
25.2	-22.1	18.6	-73.7
-335.5	599.7	183	40.3000000000001
-13.6	-76.9	-30.1	-125.1
-15.3	133	540	-142.8
250.6	-90.9000000000001	-2258.6	875.2
-69.6	-61.8	-104.7	109.5
-446.3	361.4	121	-83.9
-63.8999999999999	-1123.3	-111.5	70.2
764.2	-480	-123.1	1015.8
-0.799999999999955	126	-1774.3	-1010.2
63.4	33.1	1527.4	-102.4
-310.4	-92.6999999999999	-726.8	478.5
-200.1	-55.6	-166.5	-35.8
8532.4	-14.0999999999999	958.5	-1088
-293.5	-1802.6	138.1	138.4
-41.8	628.9	-79.5	58.9
531	-1039.6	6	-78.8
714.2	207.7	-63.5999999999999	1089.1
71.6	-53.5	309.5	47.7
2076.4	-171.4	5.79999999999995	354.2
-132.9	-194.7	-0.799999999999997	9.40000000000001
177.3	122	5168.8	238.2
-551.7	-29.2	-1954.3	-490
22.2	478.2	171.6	-71.4
55.3	-580.3	48.5	66.7
3.20000000000002	95.4	-233.2	627.8
636.3	112.2	73.8	-1408
115.9	419.4	35.7	-206.2
270.4	-92.5	-33.5999999999999	-582
90.3	-158.4	544.9	55.1
444.9	-90.9	6.30000000000001	179.6
31.1	385.9	153.3	-101.8
438.1	-1870.6	-19.6	-107
119.1	90.4	-93.7	-565.8
277.1	-190.2	-93.8	-706
660.9	2104.9	693.1	-436.200000000001
99.8	-63.6	107.9	-134
97.1	505.3	340.1	329
-1060.6	450.7	-1469.7	-678.7
61.7	-7.09999999999999	26.3	52
751.2	-308.1	-370.3	206
-5086.5	65.3	127.5	12.8
-75.8	7451.5	3970.4	-7043.2
-78.2	-149.1	5.69999999999993	-121.1
1308	-170.3	-84.2	209
219.2	-208.7	208.2	-860.6
84.0999999999999	654.4	49.6	-216
13	67.3	-223	281.2
36.2	-105	-153.5	-427.9
-566	228.1	-829.7	-204.2
808.6	-148.3	35.2	201.7
-411.8	-112.3	-86.2	218.3
63.5	117.8	-1071.1	1024.2
-25	-115.8	314.7	-9.59999999999997
-113.9	-55.4	25.1	-31.6
-10.8	-47.8	587	23.1
2.2	-104.6	369.6	-28.1
-161	205.7	-360.1	-21.6
-140.8	-22.1	-177.7	-119.2
336.9	-146	-39.5	158.3
-667.9	254.6	-394.4	-118.9
386.2	145.8	-147.6	-55.0999999999999
240.8	-38.6	-22.1	130.8
-100.7	55.4	445.8	-188.3
-79.2	153.7	-171.4	36.8
296.1	-90.5	13.6	165.3
-27.7	-49.3	-33.3	-47.5
-58	74.3	36.9	-49.7
-34.7	-45.6	-16.8	-16.6
3.90000000000003	-70.8	-38	140.6
506.1	-606.6	-34.3	-517.2
-122.3	-145.1	3300.3	170.5
-57.6	137.5	-314.7	-49.8
492.9	-193.7	-139.6	160.2
55.5	451.4	141.7	-67.2
1.19999999999999	87.3	-109.2	658.6
125.2	-166.7	-136.5	-368.8
13.1	-45.0999999999999	429.9	46.9
-875.8	-226.5	36.2	52
-39.1	1565.3	418.6	-574.6
-340.3	-740.4	28.1	-284
70.1	3	-437.8	1200.6
534.3	-203.7	-106.3	-700.5
-108.5	378	-183.4	-63.9
304.5	-57.4	-156.7	254.1
-675.8	-16.8	-78.3	-98.2
-120.1	765.7	111.8	-37.1
-737.8	-652.5	249.3	-221.9
12.1	-17.7	-259	1477.5
10.8000000000002	-3573.2	-232.6	-1490.5
539.8	3793.6	3271.2	-714.9
-107	336.1	168.6	-113.4
-1547.2	-231.1	30.4	108.5
-737.6	-206.1	305	25.9
13.9	637.1	75	-112.4
-387.5	-532	177.6	63.4000000000001
-219.7	-333.2	-748	-248.3
12.1	192.6	-126.1	389.2
-61.7	613.9	-187.2	-181.9
-2059.8	-5505.2	274.5	-43.5
385.3	247.5	-3671.7	7003.8
-1238.6	-806.9	603.6	-2829.8
465.4	325.1	3755.7	-53.8
-3477.1	-1472.4	-9206.8	-5262.1
-8.39999999999998	423.7	6.29999999999995	213.6
551.4	-109.6	-85.6999999999999	127.3
176.400000000001	290.4	-124.9	-12.6
-244	-862.1	3554.3	-1599.7
270.6	101.6	29.5	830.7
-1356.4	-3812.8	55.4000000000001	-6741.5
252.3	331.8	4207.1	208.6
-50.7	20.4	-407.6	-137.2
-20.9	56.3	79.1	1.69999999999999
7166.4	-2829.9	-5780.5	2679.6
-14.1	-125.5	87.4	-186.1
-62.6	-169.3	-63.6	168
141.2	44	-170.8	-251.4
269.7	65.3	395.8	-113.7
61.5	387.6	-1445.3	-1207.2
-228.4	177.3	-122.8	191.1
1095.8	-140.2	-450.4	408
-401.3	-87.4	-77.5	62.5
85.5999999999999	152.7	578.9	74.1
-54.8	39.1	-16.1	0.699999999999989
284.8	-121.5	16.2	198.3
-655.4	-60.5	-13.8000000000001	8.20000000000005
113.6	432.6	375.8	-127.1
428.1	-3612.4	60.1	30.6
97.5	49.1	-1180.1	2201.9
248.1	243.2	549.3	103.8
-1226.9	673.1	-2029.4	-403.4
34.6	92.5	-23.6	-54.2
1213.4	-699.9	888.6	634
-281.2	-35.2	187.5	282
-44.6	205.4	45.3	-64
17.2	-1505.3	55.1	-1.20000000000002
2115.3	579.900000000001	-63.5	754.3
1782.5	-1118.7	-421.4	-4291.5
-49.2	62.5	51.9	-121.7
316	-24.3	58.9	252.8
-1228.8	-224	44.4	162.7
0	801.4	271.9	50.2
